label,nucleus_volume_um3,gfap_volume_um3,mean_gfap_intensity,total_process_length_um,num_branches,territory_volume_um3,group,image_id
11,209.08606846665614,0.0,0.0,0.0,0,205.28100064613884,CTL,Inmuno 26-07-23.lif - CTL 1-2 a
24,259.804250935071,0.1444962463487603,93.0,0.0,0,293.56820716523185,CTL,Inmuno 26-07-23.lif - CTL 1-2 a
27,295.20583129051727,0.0,0.0,0.0,0,267.17355949885774,CTL,Inmuno 26-07-23.lif - CTL 1-2 a
57,178.45286424071895,0.0,0.0,0.0,0,159.76468304627952,CTL,Inmuno 26-07-23.lif - CTL 1-2 a
149,169.78308945979333,0.1444962463487603,86.0,0.0,0,155.8873671025882,CTL,Inmuno 26-07-23.lif - CTL 1-2 a
181,391.5848276051404,0.0,0.0,0.0,0,426.6251673447145,CTL,Inmuno 26-07-23.lif - CTL 1-2 a
187,193.62497010733878,0.0,0.0,0.0,0,176.2854205454882,CTL,Inmuno 26-07-23.lif - CTL 1-2 a
189,168.19363074995698,0.0,0.0,0.0,0,150.1556826640864,CTL,Inmuno 26-07-23.lif - CTL 1-2 a
200,205.32916606158838,0.0,0.0,0.0,0,189.8680677022704,CTL,Inmuno 26-07-23.lif - CTL 1-2 a
206,108.22768851522146,0.0,0.0,0.0,0,93.87439471124576,CTL,Inmuno 26-07-23.lif - CTL 1-2 a
216,241.01973890973218,0.1444962463487603,99.0,0.0,0,212.6984746253759,CTL,Inmuno 26-07-23.lif - CTL 1-2 a
224,208.65257972760986,0.0,0.0,0.0,0,197.93577479007735,CTL,Inmuno 26-07-23.lif - CTL 1-2 a
232,221.223753159952,1.1559699707900823,90.375,2.01416207710464,2,198.0561883287008,CTL,Inmuno 26-07-23.lif - CTL 1-2 a
252,134.2370128579983,0.5779849853950412,98.5,0.0,0,120.63028299349035,CTL,Inmuno 26-07-23.lif - CTL 1-2 a
281,163.4252546204479,1.3004662171388426,97.77777777777777,0.0,0,138.74047920253506,CTL,Inmuno 26-07-23.lif - CTL 1-2 a
36,130.76910294562808,2.456436187928925,118.76470588235294,3.5659899857473847,4,121.37684693295854,CTL,Inmuno 26-07-23.lif - CTL 1-2 c
5,144.35175010241153,0.0,0.0,0.0,0,135.12807304381514,CTL,Inmuno 26-07-23.lif - CTL 1-2 d
12,109.23916223966278,0.0,0.0,0.0,0,78.84678509097353,CTL,Inmuno 26-07-23.lif - CTL 1-2 d
16,128.74615549674542,0.7224812317438014,68.4,0.3787878787878788,1,119.81147093084722,CTL,Inmuno 26-07-23.lif - CTL 1-2 d
22,79.3284392454694,0.0,0.0,0.0,0,59.53245349568948,CTL,Inmuno 26-07-23.lif - CTL 1-2 d
26,274.6873643089933,1.4449624634876028,92.2,1.1363636363636362,2,280.90070290198946,CTL,Inmuno 26-07-23.lif - CTL 1-2 d
28,124.12227561358509,1.011473724441322,75.57142857142857,0.3787878787878788,1,95.80101132922827,CTL,Inmuno 26-07-23.lif - CTL 1-2 d
31,117.47544828154211,1.1559699707900823,73.625,0.7575757575757576,2,93.10374806405095,CTL,Inmuno 26-07-23.lif - CTL 1-2 d
33,94.21155261939171,0.0,0.0,0.0,0,80.26766484673578,CTL,Inmuno 26-07-23.lif - CTL 1-2 d
36,116.4639745571008,0.0,0.0,0.0,0,94.28380074256562,CTL,Inmuno 26-07-23.lif - CTL 1-2 d
39,87.99821402639502,0.0,0.0,0.0,0,66.27561165863138,CTL,Inmuno 26-07-23.lif - CTL 1-2 d
41,100.85837995143469,0.1444962463487603,64.0,0.0,0,94.66912406616275,CTL,Inmuno 26-07-23.lif - CTL 1-2 d
43,121.95483191835369,0.0,0.0,0.0,0,110.03389159458166,CTL,Inmuno 26-07-23.lif - CTL 1-2 d
44,116.03048581805452,1.1559699707900823,65.125,0.0,0,96.42716173007275,CTL,Inmuno 26-07-23.lif - CTL 1-2 d
49,145.79671256589913,4.91287237585785,81.20588235294117,3.1872021069595062,2,128.38491488087362,CTL,Inmuno 26-07-23.lif - CTL 1-2 d
50,267.4625519915553,4.334887390462809,77.3,2.01416207710464,2,277.2160486200972,CTL,Inmuno 26-07-23.lif - CTL 1-2 d
64,115.16350833996195,0.8669774780925618,77.33333333333333,0.7575757575757576,1,83.75965746683126,CTL,Inmuno 26-07-23.lif - CTL 1-2 d
66,103.45931238571237,0.0,0.0,0.0,0,84.21722891360281,CTL,Inmuno 26-07-23.lif - CTL 1-2 d
68,149.5536149709669,0.1444962463487603,62.0,0.0,0,132.0214037473174,CTL,Inmuno 26-07-23.lif - CTL 1-2 d
70,98.40194376350576,0.0,0.0,0.0,0,82.82043186556363,CTL,Inmuno 26-07-23.lif - CTL 1-2 d
79,96.09000382192559,0.2889924926975206,63.5,0.3787878787878788,1,76.05319099489734,CTL,Inmuno 26-07-23.lif - CTL 1-2 d
80,77.160995550238,0.0,0.0,0.0,0,52.283558470526415,CTL,Inmuno 26-07-23.lif - CTL 1-2 d
88,89.44317648988262,0.0,0.0,0.0,0,73.50042397607002,CTL,Inmuno 26-07-23.lif - CTL 1-2 d
140,148.54214124652557,0.0,0.0,0.0,0,138.01799797079215,CTL,Inmuno 26-07-23.lif - CTL 1-2 d
142,199.69381245398674,0.0,0.0,0.0,0,181.17421021362046,CTL,Inmuno 26-07-23.lif - CTL 1-2 d
145,225.41414430406607,3.9013986514165278,69.18518518518519,1.8939393939393938,4,225.14923451909365,CTL,Inmuno 26-07-23.lif - CTL 1-2 d
150,147.09717878303798,2.1674436952314045,76.66666666666667,2.2727272727272725,2,121.16010256343537,CTL,Inmuno 26-07-23.lif - CTL 1-2 d
154,126.00072681611897,0.0,0.0,0.0,0,105.45817712687052,CTL,Inmuno 26-07-23.lif - CTL 1-2 d
156,161.54680341791402,0.8669774780925618,69.5,1.1363636363636362,2,143.94234407109045,CTL,Inmuno 26-07-23.lif - CTL 1-2 d
157,158.51238224459004,0.5779849853950412,96.5,0.3787878787878788,1,137.03060695407376,CTL,Inmuno 26-07-23.lif - CTL 1-2 d
161,161.69129966426277,1.4449624634876028,78.4,0.7575757575757576,1,137.7771708935433,CTL,Inmuno 26-07-23.lif - CTL 1-2 d
185,185.67767655815697,1.4449624634876028,67.4,0.7575757575757576,2,165.4482020693303,CTL,Inmuno 26-07-23.lif - CTL 1-2 d
187,178.74185673341648,2.8899249269752056,79.8,1.5151515151515151,4,158.72912661411317,CTL,Inmuno 26-07-23.lif - CTL 1-2 d
191,212.40948213267762,4.91287237585785,109.08823529411765,1.5151515151515151,4,188.85659397783004,CTL,Inmuno 26-07-23.lif - CTL 1-2 d
195,158.3678859982413,1.7339549561851235,84.08333333333333,1.8335369442959109,1,143.67743428611757,CTL,Inmuno 26-07-23.lif - CTL 1-2 d
213,184.08821784832062,4.91287237585785,94.73529411764706,1.5151515151515151,3,154.17749485412722,CTL,Inmuno 26-07-23.lif - CTL 1-2 d
216,113.71854587647435,0.0,0.0,0.0,0,104.56711694105313,CTL,Inmuno 26-07-23.lif - CTL 1-2 d
219,238.4188064754545,0.0,0.0,0.0,0,206.87045935597556,CTL,Inmuno 26-07-23.lif - CTL 1-2 d
224,148.54214124652557,0.0,0.0,0.0,0,122.84589210417055,CTL,Inmuno 26-07-23.lif - CTL 1-2 d
227,83.66332663593221,0.0,0.0,0.0,0,67.88915307619264,CTL,Inmuno 26-07-23.lif - CTL 1-2 d
231,98.69093625620329,0.1444962463487603,66.0,0.0,0,78.2447173978539,CTL,Inmuno 26-07-23.lif - CTL 1-2 d
239,160.24633720077517,0.0,0.0,0.0,0,132.21406540911553,CTL,Inmuno 26-07-23.lif - CTL 1-2 d
240,80.0509204772132,0.0,0.0,0.0,0,72.70569462115098,CTL,Inmuno 26-07-23.lif - CTL 1-2 d
242,115.0190120936132,0.0,0.0,0.0,0,95.15077822065841,CTL,Inmuno 26-07-23.lif - CTL 1-2 d
243,136.837945292276,1.7339549561851235,90.08333333333333,0.0,0,114.85043313953872,CTL,Inmuno 26-07-23.lif - CTL 1-2 d
246,88.4317027654413,0.0,0.0,0.0,0,78.00389032060545,CTL,Inmuno 26-07-23.lif - CTL 1-2 d
249,123.39979438184129,0.0,0.0,0.0,0,107.77011706844986,CTL,Inmuno 26-07-23.lif - CTL 1-2 d
250,140.8838401900413,1.3004662171388426,73.44444444444444,0.3787878787878788,1,110.51554574907725,CTL,Inmuno 26-07-23.lif - CTL 1-2 d
251,96.81248505366939,0.1444962463487603,63.0,0.0,0,79.32843924546889,CTL,Inmuno 26-07-23.lif - CTL 1-2 d
264,99.26892124159832,1.5894587098363633,73.0,1.1363636363636362,2,76.65525868801753,CTL,Inmuno 26-07-23.lif - CTL 1-2 d
268,93.9225601266942,7.8027973028330555,84.03703703703704,4.554106445460171,4,73.13918336019766,CTL,Inmuno 26-07-23.lif - CTL 1-2 d
271,75.42704059405287,0.0,0.0,0.0,0,60.78475429737841,CTL,Inmuno 26-07-23.lif - CTL 1-2 d
291,76.00502557944792,0.0,0.0,0.0,0,53.07828782544464,CTL,Inmuno 26-07-23.lif - CTL 1-2 d
296,100.4248912123884,0.0,0.0,0.0,0,72.58528108252712,CTL,Inmuno 26-07-23.lif - CTL 1-2 d
1,206.62963227872723,3.467909912370247,138.08333333333334,0.0,0,194.2992859236334,CTL,Inmuno 26-07-23.lif - CTL 10-8 b
6,308.9329746936495,0.2889924926975206,97.0,0.0,0,312.47313272919416,CTL,Inmuno 26-07-23.lif - CTL 10-8 b
7,229.02655046278505,5.20186486855537,112.88888888888889,1.3858689173401988,2,208.45991806581034,CTL,Inmuno 26-07-23.lif - CTL 10-8 b
10,134.6705015970446,0.0,0.0,0.0,0,110.39513221045303,CTL,Inmuno 26-07-23.lif - CTL 10-8 b
13,162.99176588140162,0.8669774780925618,104.33333333333333,0.3787878787878788,1,139.31846418792964,CTL,Inmuno 26-07-23.lif - CTL 10-8 b
23,355.8942547569966,1.8784512025338838,122.38461538461539,0.0,0,310.42610257258673,CTL,Inmuno 26-07-23.lif - CTL 10-8 b
29,90.5991464606727,0.4334887390462809,112.0,0.0,0,65.62537855006202,CTL,Inmuno 26-07-23.lif - CTL 10-8 b
32,135.6819753214859,0.0,0.0,0.0,0,114.87451584726445,CTL,Inmuno 26-07-23.lif - CTL 10-8 b
38,160.39083344712392,0.2889924926975206,97.0,0.0,0,147.77149459933355,CTL,Inmuno 26-07-23.lif - CTL 10-8 b
46,159.52385596903136,3.0344211733239663,123.80952380952381,0.7575757575757576,2,156.20044230300965,CTL,Inmuno 26-07-23.lif - CTL 10-8 b
47,134.38150910434706,0.0,0.0,0.0,0,133.63494516487836,CTL,Inmuno 26-07-23.lif - CTL 10-8 b
48,199.4048199612892,0.0,0.0,0.0,0,166.86908182509316,CTL,Inmuno 26-07-23.lif - CTL 10-8 b
49,91.75511643146278,0.0,0.0,0.0,0,65.1196416878415,CTL,Inmuno 26-07-23.lif - CTL 10-8 b
50,288.5590039584743,0.1444962463487603,112.0,0.0,0,258.26295764068425,CTL,Inmuno 26-07-23.lif - CTL 10-8 b
54,364.708525784271,22.396918184057846,136.0193548387097,16.290778979809527,11,371.6202629012868,CTL,Inmuno 26-07-23.lif - CTL 10-8 b
55,338.4102089487966,5.779849853950411,120.7,5.02506500125823,1,306.25979413619746,CTL,Inmuno 26-07-23.lif - CTL 10-8 b
56,238.27431022910574,0.7224812317438014,117.2,0.0,0,201.8130907337684,CTL,Inmuno 26-07-23.lif - CTL 10-8 b
57,182.49875913848425,9.8257447517157,125.54411764705883,7.164183726171373,7,154.58690088544864,CTL,Inmuno 26-07-23.lif - CTL 10-8 b
60,129.32414048214045,3.323413666021487,118.82608695652173,0.0,0,102.71274844624388,CTL,Inmuno 26-07-23.lif - CTL 10-8 b
64,84.24131162132726,0.0,0.0,0.0,0,59.77328057293722,CTL,Inmuno 26-07-23.lif - CTL 10-8 b
74,131.20259168467436,0.0,0.0,0.0,0,116.05456852577915,CTL,Inmuno 26-07-23.lif - CTL 10-8 b
92,108.51668100791898,0.4334887390462809,118.33333333333333,0.7575757575757576,1,103.7001394629612,CTL,Inmuno 26-07-23.lif - CTL 10-8 b
101,179.17534547246277,0.0,0.0,0.0,0,160.84840489389387,CTL,Inmuno 26-07-23.lif - CTL 10-8 b
102,359.36216466936685,0.0,0.0,0.0,0,327.9101483807865,CTL,Inmuno 26-07-23.lif - CTL 10-8 b
105,188.1341127460859,0.0,0.0,0.0,0,166.8690818250936,CTL,Inmuno 26-07-23.lif - CTL 10-8 b
108,302.57513985430404,6.357834839345453,118.54545454545455,2.461830104060352,1,284.7298534302324,CTL,Inmuno 26-07-23.lif - CTL 10-8 b
111,276.71031175787596,60.399430973781804,175.27511961722487,12.438318481096257,12,255.87876957592937,CTL,Inmuno 26-07-23.lif - CTL 10-8 b
112,327.8619829653371,30.488707979588423,138.3649289099526,10.975206354080694,10,294.6760117205723,CTL,Inmuno 26-07-23.lif - CTL 10-8 b
124,414.126242035547,11.704195954249585,131.2962962962963,9.574845496715588,6,419.0150317036802,CTL,Inmuno 26-07-23.lif - CTL 10-8 b
127,315.1463132866462,31.066692964983464,139.6186046511628,10.379002311976038,13,274.80777784761756,CTL,Inmuno 26-07-23.lif - CTL 10-8 b
131,295.0613350441685,0.0,0.0,0.0,0,258.86502533380434,CTL,Inmuno 26-07-23.lif - CTL 10-8 b
132,293.0383875952859,1.8784512025338838,112.84615384615384,1.3858689173401988,2,262.23660441527466,CTL,Inmuno 26-07-23.lif - CTL 10-8 b
134,175.7074355600925,0.0,0.0,0.0,0,153.33460008375906,CTL,Inmuno 26-07-23.lif - CTL 10-8 b
148,222.95770811613713,1.4449624634876028,119.7,0.7575757575757576,1,211.92782797818134,CTL,Inmuno 26-07-23.lif - CTL 10-8 b
152,131.49158417737186,27.598783052613214,164.67539267015707,13.140253266341253,12,125.68765161569651,CTL,Inmuno 26-07-23.lif - CTL 10-8 b
155,129.1796442357917,0.4334887390462809,101.66666666666667,0.0,0,135.73014073693548,CTL,Inmuno 26-07-23.lif - CTL 10-8 b
159,139.29438148020492,0.0,0.0,0.0,0,157.11558519655182,CTL,Inmuno 26-07-23.lif - CTL 10-8 b
165,98.83543250255204,2.3119399415801647,143.4375,1.1363636363636362,2,93.29640972584978,CTL,Inmuno 26-07-23.lif - CTL 10-8 b
171,168.33812699630573,5.924346100299172,129.1219512195122,1.1363636363636362,3,139.29438148020486,CTL,Inmuno 26-07-23.lif - CTL 10-8 b
173,116.89746329614708,8.958767273623138,138.5483870967742,4.323565743323142,6,100.59347016646169,CTL,Inmuno 26-07-23.lif - CTL 10-8 b
175,83.51883038958346,0.4334887390462809,102.0,0.0,0,65.6976266732362,CTL,Inmuno 26-07-23.lif - CTL 10-8 b
186,152.29904365159334,3.9013986514165278,167.85185185185185,0.3787878787878788,1,116.92154600387192,CTL,Inmuno 26-07-23.lif - CTL 10-8 b
201,80.91789795530576,0.0,0.0,0.0,0,53.608107395389986,CTL,Inmuno 26-07-23.lif - CTL 10-8 b
1,246.3661000246363,0.0,0.0,0.0,0,219.15264029561968,CTL,Inmuno 26-07-23.lif - CTL 10-8 c
7,193.48047386099003,0.0,0.0,0.0,0,186.37607508217596,CTL,Inmuno 26-07-23.lif - CTL 10-8 c
8,236.68485151926936,0.1444962463487603,107.0,0.0,0,219.5861290346666,CTL,Inmuno 26-07-23.lif - CTL 10-8 c
20,291.8824176244958,5.05736862220661,126.88571428571429,0.7575757575757576,2,303.8033579482685,CTL,Inmuno 26-07-23.lif - CTL 10-8 c
23,85.25278534576857,0.0,0.0,0.0,0,79.68967986134143,CTL,Inmuno 26-07-23.lif - CTL 10-8 c
46,347.224479976071,0.7224812317438014,110.6,1.00708103855232,1,311.58207254337685,CTL,Inmuno 26-07-23.lif - CTL 10-8 c
47,307.77700472285943,0.1444962463487603,90.0,0.0,0,316.5912757501348,CTL,Inmuno 26-07-23.lif - CTL 10-8 c
50,572.060639294742,4.479383636811569,123.3225806451613,1.00708103855232,1,625.837325644206,CTL,Inmuno 26-07-23.lif - CTL 10-8 c
53,186.11116529720326,0.0,0.0,0.0,0,157.11558519655222,CTL,Inmuno 26-07-23.lif - CTL 10-8 c
57,120.50986945486609,1.7339549561851235,115.91666666666667,0.7575757575757576,2,104.78386131057589,CTL,Inmuno 26-07-23.lif - CTL 10-8 c
60,143.19578013162146,2.7454286806264454,112.57894736842105,0.3787878787878788,1,125.54315536934783,CTL,Inmuno 26-07-23.lif - CTL 10-8 c
62,258.21479222523465,0.4334887390462809,93.33333333333333,1.00708103855232,1,241.26056598697974,CTL,Inmuno 26-07-23.lif - CTL 10-8 c
64,81.20689044800328,2.8899249269752056,117.1,0.7575757575757576,1,65.11964168784127,CTL,Inmuno 26-07-23.lif - CTL 10-8 c
67,129.61313297483798,0.1444962463487603,114.0,0.0,0,113.71854587647483,CTL,Inmuno 26-07-23.lif - CTL 10-8 c
75,307.4880122301619,8.525278534576858,121.98305084745763,3.1872021069595062,5,326.99500548724404,CTL,Inmuno 26-07-23.lif - CTL 10-8 c
80,354.8827810325553,41.03693396304792,142.6338028169014,15.533349911045587,14,324.24957680661845,CTL,Inmuno 26-07-23.lif - CTL 10-8 c
82,506.3148472060561,0.5779849853950412,96.0,0.0,0,473.4901165771641,CTL,Inmuno 26-07-23.lif - CTL 10-8 c
83,237.2628365046644,4.045894897765288,137.64285714285714,0.0,0,218.02075303255543,CTL,Inmuno 26-07-23.lif - CTL 10-8 c
84,448.3718524202032,0.2889924926975206,96.0,0.0,0,436.6435737582292,CTL,Inmuno 26-07-23.lif - CTL 10-8 c
85,128.89065174309417,10.837218476157021,127.70666666666666,1.7646567961280777,3,111.14169614992143,CTL,Inmuno 26-07-23.lif - CTL 10-8 c
87,226.85910676755367,32.80064792116859,143.2555066079295,15.828444811347632,8,204.84751190709284,CTL,Inmuno 26-07-23.lif - CTL 10-8 c
89,184.37721034101813,0.0,0.0,0.0,0,152.61211885201564,CTL,Inmuno 26-07-23.lif - CTL 10-8 c
90,443.31448379799656,12.282180939644626,111.28235294117647,8.674747965491443,6,462.33982290058293,CTL,Inmuno 26-07-23.lif - CTL 10-8 c
94,122.966305642795,8.669774780925618,135.46666666666667,3.6862126689126304,4,127.54202011050575,CTL,Inmuno 26-07-23.lif - CTL 10-8 c
97,171.08355567693218,11.848692200598345,120.36585365853658,6.156841361790421,4,149.1442089396454,CTL,Inmuno 26-07-23.lif - CTL 10-8 c
98,252.29044612493547,4.76837612950909,131.54545454545453,0.7575757575757576,2,318.3974788294942,CTL,Inmuno 26-07-23.lif - CTL 10-8 c
101,217.611347001233,23.69738440119669,144.6890243902439,8.932730944992356,5,227.17218196797603,CTL,Inmuno 26-07-23.lif - CTL 10-8 c
102,163.4252546204479,0.0,0.0,0.0,0,144.42399822558602,CTL,Inmuno 26-07-23.lif - CTL 10-8 c
110,323.38259932852554,6.935819824740494,123.25,1.1363636363636362,2,296.9879516621521,CTL,Inmuno 26-07-23.lif - CTL 10-8 c
111,209.80854969839996,0.0,0.0,0.0,0,176.0445934682399,CTL,Inmuno 26-07-23.lif - CTL 10-8 c
114,158.6568784909388,1.3004662171388426,108.55555555555556,0.7575757575757576,2,136.54895279957898,CTL,Inmuno 26-07-23.lif - CTL 10-8 c
116,293.7608688270297,0.0,0.0,0.0,0,274.39837181629514,CTL,Inmuno 26-07-23.lif - CTL 10-8 c
117,117.9089370205884,1.8784512025338838,111.38461538461539,0.3787878787878788,1,96.9328985922935,CTL,Inmuno 26-07-23.lif - CTL 10-8 c
121,133.80352411895203,2.8899249269752056,142.2,0.7575757575757576,2,132.16589999366593,CTL,Inmuno 26-07-23.lif - CTL 10-8 c
123,132.21406540911568,23.552888154847928,160.76687116564418,6.4992141729157025,6,110.41921491817749,CTL,Inmuno 26-07-23.lif - CTL 10-8 c
124,293.18288384163463,0.1444962463487603,89.0,0.0,0,281.4305224719361,CTL,Inmuno 26-07-23.lif - CTL 10-8 c
137,244.05416008305613,4.91287237585785,123.67647058823529,0.3787878787878788,1,266.61965722118737,CTL,Inmuno 26-07-23.lif - CTL 10-8 c
144,282.0566728727801,7.947293549181816,113.10909090909091,3.1505257134682765,4,284.77801884568123,CTL,Inmuno 26-07-23.lif - CTL 10-8 c
148,275.5543417870859,0.0,0.0,0.0,0,237.86490419778195,CTL,Inmuno 26-07-23.lif - CTL 10-8 c
169,337.54323147070403,0.0,0.0,0.0,0,420.89348290621433,CTL,Inmuno 26-07-23.lif - CTL 10-8 c
189,270.49697316487925,0.0,0.0,0.0,0,283.2126428435701,CTL,Inmuno 26-07-23.lif - CTL 10-8 c
193,265.43960454267267,30.34421173323966,136.53809523809525,12.277703183228152,16,272.640334152386,CTL,Inmuno 26-07-23.lif - CTL 10-8 c
194,293.0383875952859,3.0344211733239663,132.57142857142858,0.3787878787878788,1,300.4317788667973,CTL,Inmuno 26-07-23.lif - CTL 10-8 c
195,395.9197149956032,0.0,0.0,0.0,0,362.20392418089244,CTL,Inmuno 26-07-23.lif - CTL 10-8 c
196,404.73398602287756,46.383295077952056,130.97196261682242,23.37170525480498,14,403.096361897593,CTL,Inmuno 26-07-23.lif - CTL 10-8 c
197,199.54931620763796,0.0,0.0,0.0,0,189.60315791729866,CTL,Inmuno 26-07-23.lif - CTL 10-8 c
198,373.23380431884783,1.1559699707900823,124.25,0.0,0,360.59038276333195,CTL,Inmuno 26-07-23.lif - CTL 10-8 c
203,185.53318031180822,0.2889924926975206,101.5,0.0,0,161.1614800943175,CTL,Inmuno 26-07-23.lif - CTL 10-8 c
204,285.09109404610405,0.5779849853950412,103.25,1.00708103855232,1,286.99362795636256,CTL,Inmuno 26-07-23.lif - CTL 10-8 c
208,227.14809926025117,0.0,0.0,0.0,0,202.8486471659347,CTL,Inmuno 26-07-23.lif - CTL 10-8 c
214,78.89495050642311,0.1444962463487603,94.0,0.0,0,66.61276956677823,CTL,Inmuno 26-07-23.lif - CTL 10-8 c
220,327.28399797994206,15.17210586661983,127.08571428571429,5.806366814986241,4,302.599222562029,CTL,Inmuno 26-07-23.lif - CTL 10-8 c
231,207.352113510471,0.0,0.0,0.0,0,177.34505968537835,CTL,Inmuno 26-07-23.lif - CTL 10-8 c
234,98.83543250255204,0.4334887390462809,101.66666666666667,0.3787878787878788,1,80.55665733943322,CTL,Inmuno 26-07-23.lif - CTL 10-8 c
235,221.9462343916958,3.323413666021487,104.73913043478261,2.01416207710464,2,189.7717368713718,CTL,Inmuno 26-07-23.lif - CTL 10-8 c
236,90.16565772162642,0.2889924926975206,91.5,0.0,0,96.5234925609722,CTL,Inmuno 26-07-23.lif - CTL 10-8 c
238,240.73074641703465,0.0,0.0,0.0,0,209.5677226211516,CTL,Inmuno 26-07-23.lif - CTL 10-8 c
240,181.9207741530892,0.0,0.0,0.0,0,151.21532180397674,CTL,Inmuno 26-07-23.lif - CTL 10-8 c
249,202.0057523955669,33.66762539926115,135.862660944206,20.438045540326755,13,171.51704441597843,CTL,Inmuno 26-07-23.lif - CTL 10-8 c
251,205.76265480063466,36.991039065282635,146.265625,16.10588746146244,9,172.55260084814475,CTL,Inmuno 26-07-23.lif - CTL 10-8 c
252,137.2714340313223,15.02760962027107,121.84615384615384,11.810460848641723,10,150.10751724863724,CTL,Inmuno 26-07-23.lif - CTL 10-8 c
264,123.11080188914377,0.8669774780925618,108.66666666666667,0.3787878787878788,1,96.86065046911904,CTL,Inmuno 26-07-23.lif - CTL 10-8 c
266,144.06275760971403,0.2889924926975206,94.0,0.0,0,120.8229446552884,CTL,Inmuno 26-07-23.lif - CTL 10-8 c
268,145.2187275805041,13.004662171388427,139.44444444444446,5.330646781875462,9,122.17157628787685,CTL,Inmuno 26-07-23.lif - CTL 10-8 c
269,105.33776358824625,0.0,0.0,0.0,0,79.30435653774472,CTL,Inmuno 26-07-23.lif - CTL 10-8 c
271,132.64755414816196,23.552888154847928,139.62576687116564,11.025007286392174,9,104.47078611015391,CTL,Inmuno 26-07-23.lif - CTL 10-8 c
274,90.45465021432395,0.1444962463487603,95.0,0.0,0,71.21256674221422,CTL,Inmuno 26-07-23.lif - CTL 10-8 c
275,154.75547983952228,0.1444962463487603,107.0,0.0,0,137.10285507724848,CTL,Inmuno 26-07-23.lif - CTL 10-8 c
279,96.52349256097187,1.3004662171388426,113.11111111111111,0.7575757575757576,2,70.08067947914877,CTL,Inmuno 26-07-23.lif - CTL 10-8 c
280,91.46612393876526,0.1444962463487603,118.0,0.0,0,68.99695763153335,CTL,Inmuno 26-07-23.lif - CTL 10-8 c
281,81.78487543339833,0.0,0.0,0.0,0,57.00376918458598,CTL,Inmuno 26-07-23.lif - CTL 10-8 c
7,94.06705637304294,2.3119399415801647,100.6875,0.3787878787878788,1,71.91096526623275,CTL,Inmuno 26-07-23.lif - cTL 10-8 a
9,208.07459474221483,0.0,0.0,0.0,0,183.00449600070525,CTL,Inmuno 26-07-23.lif - cTL 10-8 a
13,75.86052933309915,0.5779849853950412,130.25,0.0,0,62.25379946859074,CTL,Inmuno 26-07-23.lif - cTL 10-8 a
15,129.9021254675355,4.045894897765288,123.60714285714286,0.0,0,110.44329762590252,CTL,Inmuno 26-07-23.lif - cTL 10-8 a
18,132.21406540911568,38.43600152877024,158.00751879699249,18.401208409893524,13,98.81134979482742,CTL,Inmuno 26-07-23.lif - cTL 10-8 a
21,237.2628365046644,16.472572083758674,166.25438596491227,4.17099261666948,4,227.96691132289413,CTL,Inmuno 26-07-23.lif - cTL 10-8 a
25,78.31696552102808,0.7224812317438014,106.8,0.3787878787878788,1,54.83632548935469,CTL,Inmuno 26-07-23.lif - cTL 10-8 a
29,271.6529431356694,1.4449624634876028,154.1,1.00708103855232,1,254.36155898926793,CTL,Inmuno 26-07-23.lif - cTL 10-8 a
32,257.3478147471421,0.7224812317438014,117.6,0.3787878787878788,1,226.4978661516817,CTL,Inmuno 26-07-23.lif - cTL 10-8 a
41,104.75977860285121,21.385444459616522,159.70945945945945,4.702353622111022,7,84.67480036037314,CTL,Inmuno 26-07-23.lif - cTL 10-8 a
68,209.2305647130049,54.90857361252891,146.1236842105263,32.44283827671918,24,178.5732777793427,CTL,Inmuno 26-07-23.lif - cTL 10-8 a
70,248.67803996621646,0.0,0.0,0.0,0,214.89000102833182,CTL,Inmuno 26-07-23.lif - cTL 10-8 a
74,149.98710371001317,1.1559699707900823,100.375,0.0,0,126.67504263241345,CTL,Inmuno 26-07-23.lif - cTL 10-8 a
90,117.04195954249583,22.396918184057846,169.28387096774193,4.480464819979618,3,78.17246927467924,CTL,Inmuno 26-07-23.lif - cTL 10-8 a
91,141.1728326827388,8.091789795530577,129.35714285714286,1.1363636363636362,3,114.89859855498904,CTL,Inmuno 26-07-23.lif - cTL 10-8 a
99,89.8766652289289,0.5779849853950412,145.0,0.7575757575757576,2,56.883355645962226,CTL,Inmuno 26-07-23.lif - cTL 10-8 a
107,167.18215702551566,0.2889924926975206,121.5,0.3787878787878788,1,124.94108767622701,CTL,Inmuno 26-07-23.lif - cTL 10-8 a
108,170.2165781988396,1.1559699707900823,105.375,1.1363636363636362,1,160.12592366215122,CTL,Inmuno 26-07-23.lif - cTL 10-8 a
109,308.2104934619057,66.75726581312726,149.02597402597402,62.27365660972038,56,272.5440033214871,CTL,Inmuno 26-07-23.lif - cTL 10-8 a
113,193.1914813682925,0.2889924926975206,121.0,0.0,0,232.39812954425594,CTL,Inmuno 26-07-23.lif - cTL 10-8 a
121,167.90463825725945,3.7569024050677675,135.30769230769232,1.1363636363636362,1,143.1476147161729,CTL,Inmuno 26-07-23.lif - cTL 10-8 a
123,215.7328957986991,1.011473724441322,100.85714285714286,1.1363636363636362,3,198.39334623684795,CTL,Inmuno 26-07-23.lif - cTL 10-8 a
129,105.1932673418975,8.091789795530577,116.21428571428571,5.0811415008989,9,80.8697325398564,CTL,Inmuno 26-07-23.lif - cTL 10-8 a
143,140.01686271194873,7.8027973028330555,153.22222222222223,3.413416859093722,4,111.93642550483963,CTL,Inmuno 26-07-23.lif - cTL 10-8 a
145,97.24597379271567,1.8784512025338838,107.84615384615384,1.8982653439422066,1,79.59334903044189,CTL,Inmuno 26-07-23.lif - cTL 10-8 a
147,121.08785444026113,2.3119399415801647,124.6875,1.893939393939394,2,97.07739483864239,CTL,Inmuno 26-07-23.lif - cTL 10-8 a
150,165.30370582298178,0.4334887390462809,104.33333333333333,0.3787878787878788,1,157.42866039697412,CTL,Inmuno 26-07-23.lif - cTL 10-8 a
152,446.92688995671557,16.183579591061154,132.74107142857142,4.166666666666666,9,511.87795269048473,CTL,Inmuno 26-07-23.lif - cTL 10-8 a
157,230.61600917262143,0.0,0.0,0.0,0,196.7316394038373,CTL,Inmuno 26-07-23.lif - cTL 10-8 a
158,170.93905943058343,1.1559699707900823,109.125,0.7575757575757576,1,126.84362158648662,CTL,Inmuno 26-07-23.lif - cTL 10-8 a
162,287.1140414949867,8.525278534576858,121.64406779661017,6.600618966053228,6,288.6071693739227,CTL,Inmuno 26-07-23.lif - cTL 10-8 a
165,218.47832447932555,3.6124061587190073,130.32,0.7575757575757576,1,198.1043537441501,CTL,Inmuno 26-07-23.lif - cTL 10-8 a
167,177.44139051627764,4.334887390462809,135.4,3.0303030303030303,4,160.19817178532614,CTL,Inmuno 26-07-23.lif - cTL 10-8 a
170,154.89997608587103,5.635353607601651,123.43589743589743,3.2798083112795933,5,131.46750146964743,CTL,Inmuno 26-07-23.lif - cTL 10-8 a
172,97.10147754636692,2.3119399415801647,100.75,2.272727272727273,5,70.82724341861768,CTL,Inmuno 26-07-23.lif - cTL 10-8 a
194,132.64755414816196,0.0,0.0,0.0,0,101.41228222910509,CTL,Inmuno 26-07-23.lif - cTL 10-8 a
206,154.75547983952228,16.472572083758674,159.75438596491227,6.378730163921825,6,136.50078738412796,CTL,Inmuno 26-07-23.lif - cTL 10-8 a
207,262.2606871229999,0.5779849853950412,138.0,0.0,0,260.88797278268595,CTL,Inmuno 26-07-23.lif - cTL 10-8 a
228,215.01041456695532,1.5894587098363633,156.1818181818182,1.1363636363636362,3,188.350857115609,CTL,Inmuno 26-07-23.lif - cTL 10-8 a
236,250.12300242970406,0.5779849853950412,172.5,0.0,0,231.14582874256683,CTL,Inmuno 26-07-23.lif - cTL 10-8 a
238,185.67767655815697,0.1444962463487603,91.0,0.0,0,166.94132994826734,CTL,Inmuno 26-07-23.lif - cTL 10-8 a
239,79.3284392454694,0.0,0.0,0.0,0,65.36046876508937,CTL,Inmuno 26-07-23.lif - cTL 10-8 a
241,163.85874335949418,39.88096399225784,148.04710144927537,12.30935677357803,9,146.51919379764337,CTL,Inmuno 26-07-23.lif - cTL 10-8 a
243,172.23952564772227,6.502331085694213,139.84444444444443,3.0303030303030303,5,149.57769767869203,CTL,Inmuno 26-07-23.lif - cTL 10-8 a
244,151.57656241984955,1.5894587098363633,111.0909090909091,1.6720505918079906,2,132.38264436318894,CTL,Inmuno 26-07-23.lif - cTL 10-8 a
248,198.97133122224292,1.4449624634876028,108.3,1.8335369442959109,1,187.98961649973745,CTL,Inmuno 26-07-23.lif - cTL 10-8 a
249,245.35462630019498,13.004662171388427,118.77777777777777,3.409090909090909,6,235.48071613302977,CTL,Inmuno 26-07-23.lif - cTL 10-8 a
257,211.68700090093384,0.0,0.0,0.0,0,196.65939128066248,CTL,Inmuno 26-07-23.lif - cTL 10-8 a
260,246.79958876368258,1.8784512025338838,104.46153846153847,1.1363636363636362,1,230.5919264648967,CTL,Inmuno 26-07-23.lif - cTL 10-8 a
268,237.69632524371067,9.392256012669419,125.67692307692307,4.170992616669479,4,253.78357400387216,CTL,Inmuno 26-07-23.lif - cTL 10-8 a
278,224.25817433327597,3.7569024050677675,102.57692307692308,2.591112701871668,3,204.8956773225414,CTL,Inmuno 26-07-23.lif - cTL 10-8 a
282,198.10435374415036,20.373970735175202,119.49645390070921,4.859252698767496,7,178.13978904029707,CTL,Inmuno 26-07-23.lif - cTL 10-8 a
286,158.80137473728757,10.40372973711074,143.0,7.838066505261301,7,143.34027637796967,CTL,Inmuno 26-07-23.lif - cTL 10-8 a
287,268.7630182086941,1.011473724441322,151.14285714285714,0.0,0,242.77777657364265,CTL,Inmuno 26-07-23.lif - cTL 10-8 a
294,167.7601420109107,4.91287237585785,125.88235294117646,0.3787878787878788,1,142.0879755762808,CTL,Inmuno 26-07-23.lif - cTL 10-8 a
299,162.99176588140162,0.2889924926975206,96.5,0.3787878787878788,1,141.67856954495863,CTL,Inmuno 26-07-23.lif - cTL 10-8 a
302,141.31732892908758,0.0,0.0,0.0,0,126.21747118564286,CTL,Inmuno 26-07-23.lif - cTL 10-8 a
314,202.58373738096194,2.8899249269752056,156.75,0.0,0,196.7316394038367,CTL,Inmuno 26-07-23.lif - cTL 10-8 a
347,129.75762922118673,0.5779849853950412,90.25,0.0,0,107.09580125215622,CTL,Inmuno 26-07-23.lif - cTL 10-8 a
348,180.04232295055533,1.3004662171388426,108.33333333333333,3.7272150124066723,3,159.95734470807784,CTL,Inmuno 26-07-23.lif - cTL 10-8 a
349,177.5858867626264,0.0,0.0,0.0,0,155.88736710258826,CTL,Inmuno 26-07-23.lif - cTL 10-8 a
350,233.65043034594538,6.791323578391734,129.68085106382978,0.7575757575757576,2,199.7660605771616,CTL,Inmuno 26-07-23.lif - cTL 10-8 a
351,238.56330272180324,9.247759766320659,148.390625,1.5151515151515151,2,209.4232263748037,CTL,Inmuno 26-07-23.lif - cTL 10-8 a
353,180.62030793595036,0.0,0.0,0.0,0,157.30824685835086,CTL,Inmuno 26-07-23.lif - cTL 10-8 a
355,92.62209390955535,0.7224812317438014,111.4,0.3787878787878788,1,78.02797302833031,CTL,Inmuno 26-07-23.lif - cTL 10-8 a
356,149.40911872461814,0.4334887390462809,108.33333333333333,0.0,0,135.10399033609082,CTL,Inmuno 26-07-23.lif - cTL 10-8 a
364,85.83077033116362,2.600932434277685,128.61111111111111,0.0,0,74.12657437691428,CTL,Inmuno 26-07-23.lif - cTL 10-8 a
367,82.79634915783964,0.2889924926975206,100.5,0.0,0,67.26300267534816,CTL,Inmuno 26-07-23.lif - cTL 10-8 a
384,180.62030793595036,3.6124061587190073,109.52,1.5151515151515151,4,164.96654791483508,CTL,Inmuno 26-07-23.lif - cTL 10-8 a
390,151.57656241984955,2.456436187928925,101.23529411764706,0.7575757575757576,2,139.51112584972788,CTL,Inmuno 26-07-23.lif - cTL 10-8 a
412,162.55827714235534,0.0,0.0,0.0,0,127.1807794946339,CTL,Inmuno 26-07-23.lif - cTL 10-8 a
419,92.76659015590411,3.1789174196727266,118.68181818181819,2.6791316303603105,3,71.30889757311357,CTL,Inmuno 26-07-23.lif - cTL 10-8 a
422,123.97777936723634,1.7339549561851235,121.41666666666667,1.1363636363636362,2,95.29527446700651,CTL,Inmuno 26-07-23.lif - cTL 10-8 a
431,107.50520728347766,4.623879883160329,112.09375,0.7575757575757576,2,78.63004072145019,CTL,Inmuno 26-07-23.lif - cTL 10-8 a
440,92.91108640225286,0.0,0.0,0.0,0,67.14258913672379,CTL,Inmuno 26-07-23.lif - cTL 10-8 a
442,178.3083679943702,1.4449624634876028,111.3,0.3787878787878788,1,139.72787021925132,CTL,Inmuno 26-07-23.lif - cTL 10-8 a
464,84.81929660672229,0.0,0.0,0.0,0,54.33058862713399,CTL,Inmuno 26-07-23.lif - cTL 10-8 a
474,114.58552335456692,25.57583560373057,154.43502824858757,13.61585866243521,10,77.57040158155989,CTL,Inmuno 26-07-23.lif - cTL 10-8 a
15,269.19650694774043,7.080316071089254,110.24489795918367,0.7575757575757576,2,243.30759614358774,CTL,Inmuno 26-07-23.lif - CTL 25-1 a
18,130.91359919197683,0.0,0.0,0.0,0,121.40092964068272,CTL,Inmuno 26-07-23.lif - CTL 27-4 a
20,269.6299956867867,0.0,0.0,0.0,0,242.1275434650709,CTL,Inmuno 26-07-23.lif - CTL 27-4 a
28,330.7519078923123,74.99355185500659,184.15799614643547,11.685765526661854,9,310.8595913116338,CTL,Inmuno 26-07-23.lif - CTL 27-4 a
29,251.1344761541454,51.00717496111238,185.61756373937678,6.697376918894853,7,255.13220563645996,CTL,Inmuno 26-07-23.lif - CTL 27-4 a
42,124.84475684532889,0.8669774780925618,143.66666666666666,0.0,0,120.31720779306886,CTL,Inmuno 26-07-23.lif - CTL 27-4 a
43,100.13589871969089,0.0,0.0,0.0,0,79.06352946049627,CTL,Inmuno 26-07-23.lif - CTL 27-4 a
45,307.19901973746437,51.585159946507424,169.56022408963585,4.037384068855351,5,280.58762770156966,CTL,Inmuno 26-07-23.lif - CTL 27-4 a
49,256.9143260080958,15.46109835931735,173.1214953271028,2.651515151515152,7,253.95215295794407,CTL,Inmuno 26-07-23.lif - CTL 27-4 a
51,222.09073063804456,0.0,0.0,0.0,0,197.18921085060836,CTL,Inmuno 26-07-23.lif - CTL 27-4 a
59,234.08391908499166,24.13087314024297,183.562874251497,5.677084217174924,4,207.78560224951653,CTL,Inmuno 26-07-23.lif - CTL 27-4 a
64,126.57871180151402,0.0,0.0,0.0,0,122.72547856554749,CTL,Inmuno 26-07-23.lif - CTL 27-4 a
67,279.02225169945615,0.0,0.0,0.0,0,241.35689681787926,CTL,Inmuno 26-07-23.lif - CTL 27-4 a
69,270.063484425833,2.600932434277685,163.16666666666666,0.7575757575757576,1,257.7331380707381,CTL,Inmuno 26-07-23.lif - CTL 27-4 a
70,152.15454740524459,1.7339549561851235,122.66666666666667,0.7575757575757576,2,137.72900547809385,CTL,Inmuno 26-07-23.lif - CTL 27-4 a
72,310.08894466443957,1.1559699707900823,115.75,2.3929499558925187,2,292.4844853176154,CTL,Inmuno 26-07-23.lif - CTL 27-4 a
74,157.2119160274512,9.8257447517157,144.8235294117647,0.7575757575757576,1,132.04548645504224,CTL,Inmuno 26-07-23.lif - CTL 27-4 a
75,210.96451966919003,3.0344211733239663,159.23809523809524,0.3787878787878788,1,176.74299199225877,CTL,Inmuno 26-07-23.lif - CTL 27-4 a
78,77.44998804293552,0.1444962463487603,131.0,0.0,0,60.78475429737901,CTL,Inmuno 26-07-23.lif - CTL 27-4 a
79,280.61171040929247,1.4449624634876028,125.3,1.1363636363636362,1,266.1380030666918,CTL,Inmuno 26-07-23.lif - CTL 27-4 a
82,344.76804378814205,42.626392672884286,161.63389830508476,6.43033402474787,6,309.1256363554483,CTL,Inmuno 26-07-23.lif - CTL 27-4 a
85,375.9792329994743,0.4334887390462809,125.33333333333333,0.3787878787878788,1,355.484848725677,CTL,Inmuno 26-07-23.lif - CTL 27-4 a
87,290.4374551610082,0.2889924926975206,120.0,0.3787878787878788,1,271.5566123047716,CTL,Inmuno 26-07-23.lif - CTL 27-4 a
90,220.35677568185946,0.1444962463487603,110.0,0.0,0,196.44264691113997,CTL,Inmuno 26-07-23.lif - CTL 27-4 a
91,133.37003537990574,38.291505282421475,195.5811320754717,2.2123248230837897,2,114.6096060622916,CTL,Inmuno 26-07-23.lif - CTL 27-4 a
93,120.22087696216856,0.0,0.0,0.0,0,126.12114035474212,CTL,Inmuno 26-07-23.lif - CTL 27-4 a
94,235.095392809433,0.0,0.0,0.0,0,218.02075303255424,CTL,Inmuno 26-07-23.lif - CTL 27-4 a
97,505.736862220661,0.1444962463487603,133.0,0.0,0,466.9637027837433,CTL,Inmuno 26-07-23.lif - CTL 27-4 a
98,239.8637689389421,21.240948213267764,155.76190476190476,5.238040577555376,7,232.54262579060494,CTL,Inmuno 26-07-23.lif - CTL 27-4 a
99,147.24167502938673,1.1559699707900823,115.125,2.3929499558925187,3,137.1510204926994,CTL,Inmuno 26-07-23.lif - CTL 27-4 a
101,256.62533351539827,0.0,0.0,0.0,0,246.7514233482336,CTL,Inmuno 26-07-23.lif - CTL 27-4 a
104,379.8806316508908,0.0,0.0,0.0,0,393.6077750540231,CTL,Inmuno 26-07-23.lif - CTL 27-4 a
107,389.56188015625776,0.0,0.0,0.0,0,361.4091948259741,CTL,Inmuno 26-07-23.lif - CTL 27-4 a
112,89.00968775083633,0.0,0.0,0.0,0,80.70115358578269,CTL,Inmuno 26-07-23.lif - CTL 27-4 a
115,174.2624730966049,0.7224812317438014,158.2,0.7575757575757576,2,156.27269042618423,CTL,Inmuno 26-07-23.lif - CTL 27-4 a
116,277.7217854823173,0.2889924926975206,117.0,0.0,0,263.44073980151427,CTL,Inmuno 26-07-23.lif - CTL 27-4 a
118,213.85444459616522,47.39476880239338,194.15853658536585,11.69584439233659,4,197.09288001970964,CTL,Inmuno 26-07-23.lif - CTL 27-4 a
124,94.35604886574048,0.4334887390462809,113.66666666666667,0.0,0,86.28834177793455,CTL,Inmuno 26-07-23.lif - CTL 27-4 a
130,302.28614736160654,0.4334887390462809,113.0,0.3787878787878788,1,282.9718157663218,CTL,Inmuno 26-07-23.lif - CTL 27-4 a
131,257.49231099349083,0.0,0.0,0.0,0,229.84536252542978,CTL,Inmuno 26-07-23.lif - CTL 27-4 a
132,132.93654664085946,1.5894587098363633,119.36363636363636,0.7575757575757576,2,117.25870391201794,CTL,Inmuno 26-07-23.lif - CTL 27-4 a
133,379.5916391581933,2.022947448882644,120.57142857142857,2.01416207710464,1,367.42987175717235,CTL,Inmuno 26-07-23.lif - CTL 27-4 a
134,151.7210586661983,0.0,0.0,0.0,0,130.0707044216093,CTL,Inmuno 26-07-23.lif - CTL 27-4 a
151,106.78272605173386,0.7224812317438014,122.8,0.3787878787878788,1,105.50634254232081,CTL,Inmuno 26-07-23.lif - CTL 27-4 a
152,283.935124075314,25.86482809642809,151.94972067039106,5.745964365342758,4,262.2125217075514,CTL,Inmuno 26-07-23.lif - CTL 27-4 a
155,587.0882489150131,0.7224812317438014,135.8,1.1363636363636362,1,590.7969859046317,CTL,Inmuno 26-07-23.lif - CTL 27-4 a
156,188.27860899243467,0.0,0.0,0.0,0,213.20421148759522,CTL,Inmuno 26-07-23.lif - CTL 27-4 a
158,192.46900013654871,15.31660211296859,164.6320754716981,7.265441830497085,4,183.8473907710724,CTL,Inmuno 26-07-23.lif - CTL 27-4 a
163,153.1660211296859,3.467909912370247,143.375,0.3787878787878788,1,159.42752513813156,CTL,Inmuno 26-07-23.lif - CTL 27-4 a
164,231.04949791166771,2.3119399415801647,123.3125,1.3858689173401988,2,237.55182899736158,CTL,Inmuno 26-07-23.lif - CTL 27-4 a
171,286.8250490022892,0.0,0.0,0.0,0,276.1082440647545,CTL,Inmuno 26-07-23.lif - CTL 27-4 a
177,214.2879333352115,0.0,0.0,0.0,0,207.27986538729584,CTL,Inmuno 26-07-23.lif - CTL 27-4 a
179,154.6109835931735,0.1444962463487603,109.0,0.0,0,208.36358723491222,CTL,Inmuno 26-07-23.lif - CTL 27-4 a
182,204.60668482984457,58.37648352489916,192.69306930693068,5.0811415008989,8,179.77741316558257,CTL,Inmuno 26-07-23.lif - CTL 27-4 a
183,328.2954717043834,5.635353607601651,126.8974358974359,1.2932627130201118,1,311.004087557981,CTL,Inmuno 26-07-23.lif - CTL 27-4 a
184,221.07925691360325,0.0,0.0,0.0,0,216.50354244589357,CTL,Inmuno 26-07-23.lif - CTL 27-4 a
185,170.50557069153714,1.8784512025338838,124.0,2.2770532227300855,2,165.32778853070664,CTL,Inmuno 26-07-23.lif - CTL 27-4 a
193,293.18288384163463,34.53460287735371,175.80753138075315,5.773727532999729,6,268.2091159310238,CTL,Inmuno 26-07-23.lif - CTL 27-4 a
196,221.223753159952,1.8784512025338838,121.3076923076923,0.3787878787878788,1,194.39561675453243,CTL,Inmuno 26-07-23.lif - CTL 27-4 a
197,221.51274565264953,8.525278534576858,143.94915254237287,6.157102687619054,3,195.96099275664355,CTL,Inmuno 26-07-23.lif - CTL 27-4 a
198,99.12442499524956,1.3004662171388426,123.33333333333333,0.0,0,90.3101539679761,CTL,Inmuno 26-07-23.lif - CTL 27-4 a
202,193.9139626000363,34.67909912370247,173.475,8.526762114669225,5,191.0722030885099,CTL,Inmuno 26-07-23.lif - CTL 27-4 a
203,243.90966383670738,15.31660211296859,150.03773584905662,7.293204998154057,8,216.72028681541568,CTL,Inmuno 26-07-23.lif - CTL 27-4 a
204,140.8838401900413,10.837218476157021,148.17333333333335,1.8939393939393938,4,120.84702736301296,CTL,Inmuno 26-07-23.lif - CTL 27-4 a
211,149.12012623192064,0.0,0.0,0.0,0,124.5075989371816,CTL,Inmuno 26-07-23.lif - CTL 27-4 a
212,133.65902787260328,2.8899249269752056,132.9,1.00708103855232,1,113.52588421467601,CTL,Inmuno 26-07-23.lif - CTL 27-4 a
214,111.55110218124295,5.635353607601651,141.0,2.9053463824945265,2,89.90074793665424,CTL,Inmuno 26-07-23.lif - CTL 27-4 a
215,190.0125639486198,3.323413666021487,148.0,0.3787878787878788,1,163.23259295864946,CTL,Inmuno 26-07-23.lif - CTL 27-4 a
216,112.99606464473055,0.4334887390462809,116.66666666666667,0.0,0,94.69320677388839,CTL,Inmuno 26-07-23.lif - CTL 27-4 a
218,100.4248912123884,0.0,0.0,0.0,0,92.14043975505955,CTL,Inmuno 26-07-23.lif - CTL 27-4 a
220,122.38832065739997,0.2889924926975206,117.0,0.3787878787878788,1,105.91574857364051,CTL,Inmuno 26-07-23.lif - CTL 27-4 a
225,158.51238224459004,0.2889924926975206,138.0,0.0,0,129.5168021439383,CTL,Inmuno 26-07-23.lif - CTL 27-4 a
227,133.08104288720824,0.0,0.0,0.0,0,106.4214854358611,CTL,Inmuno 26-07-23.lif - CTL 27-4 a
230,150.13159995636195,12.282180939644626,167.27058823529413,3.6624866127603766,1,120.91927548618754,CTL,Inmuno 26-07-23.lif - CTL 27-4 a
232,159.09036722998508,0.4334887390462809,123.66666666666667,0.0,0,142.52146431532734,CTL,Inmuno 26-07-23.lif - CTL 27-4 a
234,110.68412470315039,7.658301056484295,156.62264150943398,3.8476990214005506,3,86.45692073200844,CTL,Inmuno 26-07-23.lif - CTL 27-4 a
240,108.0831922688727,2.8899249269752056,136.05,0.0,0,83.20575518916108,CTL,Inmuno 26-07-23.lif - CTL 27-4 a
244,81.49588294070081,0.0,0.0,0.0,0,64.22858150202424,CTL,Inmuno 26-07-23.lif - CTL 27-4 a
245,102.73683115396857,2.8899249269752056,155.85,1.3858689173401988,2,83.20575518916151,CTL,Inmuno 26-07-23.lif - CTL 27-4 a
246,129.03514798944295,0.0,0.0,0.0,0,111.18986156537068,CTL,Inmuno 26-07-23.lif - CTL 27-4 a
257,81.49588294070081,0.1444962463487603,114.0,0.0,0,60.568009927855584,CTL,Inmuno 26-07-23.lif - CTL 27-4 a
8,218.47832447932555,4.045894897765288,121.57142857142857,1.00708103855232,1,197.21329355833348,CTL,Inmuno 26-07-23.lif - CTL 27-4 b
9,100.13589871969089,3.1789174196727266,147.95454545454547,0.3787878787878788,1,75.28254434770427,CTL,Inmuno 26-07-23.lif - CTL 27-4 b
15,119.353899484076,14.73861712757355,164.5686274509804,7.930411383752756,5,92.54984578638089,CTL,Inmuno 26-07-23.lif - CTL 27-4 b
24,79.61743173816693,10.25923349076198,170.53521126760563,9.279750596413539,6,59.38795724933995,CTL,Inmuno 26-07-23.lif - CTL 27-4 b
25,278.1552742213636,0.5779849853950412,105.75,0.3787878787878788,1,251.23080698504424,CTL,Inmuno 26-07-23.lif - CTL 27-4 b
32,141.60632142178508,0.0,0.0,0.0,0,112.73115485975805,CTL,Inmuno 26-07-23.lif - CTL 27-4 b
33,190.87954142671234,0.0,0.0,0.0,0,163.23259295864943,CTL,Inmuno 26-07-23.lif - CTL 27-4 b
37,98.257447517157,1.4449624634876028,123.6,0.7575757575757576,1,74.77680748548335,CTL,Inmuno 26-07-23.lif - CTL 27-4 b
44,119.49839573042476,0.7224812317438014,112.6,0.3787878787878788,1,103.00174093894043,CTL,Inmuno 26-07-23.lif - CTL 27-4 b
52,170.2165781988396,0.1444962463487603,107.0,0.0,0,181.2223756290706,CTL,Inmuno 26-07-23.lif - CTL 27-4 b
59,100.71388370508592,11.415203461552062,160.81012658227849,6.572420271086348,7,83.56699580503312,CTL,Inmuno 26-07-23.lif - CTL 27-4 b
60,251.27897240049415,6.791323578391734,141.12765957446808,1.1363636363636362,3,217.05744472356264,CTL,Inmuno 26-07-23.lif - CTL 27-4 b
61,173.68448811120987,4.334887390462809,155.63333333333333,1.5151515151515151,4,139.4147950188289,CTL,Inmuno 26-07-23.lif - CTL 27-4 b
67,236.10686653387432,43.92685889002313,154.64144736842104,25.04796715959896,19,231.29032498891553,CTL,Inmuno 26-07-23.lif - CTL 27-4 b
72,198.82683497589417,1.1559699707900823,126.75,1.2932627130201118,1,170.6019015224368,CTL,Inmuno 26-07-23.lif - CTL 27-4 b
74,93.2000788949504,1.8784512025338838,141.92307692307693,2.8127401781744394,1,74.00616083829027,CTL,Inmuno 26-07-23.lif - CTL 27-4 b
80,103.02582364666608,11.415203461552062,154.0759493670886,3.787878787878788,6,85.68627408481488,CTL,Inmuno 26-07-23.lif - CTL 27-4 b
83,298.8182374492363,0.1444962463487603,103.0,0.0,0,287.5716129417566,CTL,Inmuno 26-07-23.lif - CTL 27-4 b
84,225.9921292894611,7.658301056484295,128.39622641509433,6.443719889396752,10,198.44151165229746,CTL,Inmuno 26-07-23.lif - CTL 27-4 b
87,197.38187251240657,3.1789174196727266,127.77272727272727,1.00708103855232,1,202.2947448882631,CTL,Inmuno 26-07-23.lif - CTL 27-4 b
90,166.17068330107435,5.346361114904131,151.40540540540542,2.1434446749159566,4,144.47216364103573,CTL,Inmuno 26-07-23.lif - CTL 27-4 b
94,155.47796107126607,1.1559699707900823,123.75,0.3787878787878788,1,117.61994452789101,CTL,Inmuno 26-07-23.lif - CTL 27-4 b
95,209.66405345205118,1.7339549561851235,131.66666666666666,1.1363636363636362,2,187.72470671476523,CTL,Inmuno 26-07-23.lif - CTL 27-4 b
96,76.87200305754048,0.8669774780925618,108.5,0.0,0,54.667746535280514,CTL,Inmuno 26-07-23.lif - CTL 27-4 b
100,271.50844688932057,9.8257447517157,146.51470588235293,6.448045839399565,7,245.3546263001952,CTL,Inmuno 26-07-23.lif - CTL 27-4 b
101,154.89997608587103,0.0,0.0,0.0,0,116.82521517297262,CTL,Inmuno 26-07-23.lif - CTL 27-4 b
104,130.91359919197683,1.1559699707900823,136.625,0.7575757575757576,2,148.34947958472765,CTL,Inmuno 26-07-23.lif - CTL 27-4 b
105,253.73540858842307,0.2889924926975206,108.5,0.0,0,239.38211478444717,CTL,Inmuno 26-07-23.lif - CTL 27-4 b
109,221.223753159952,3.323413666021487,121.8695652173913,3.5703159357501972,3,215.39573789055189,CTL,Inmuno 26-07-23.lif - CTL 27-4 b
110,182.78775163118178,1.5894587098363633,132.1818181818182,0.0,0,171.7337887855016,CTL,Inmuno 26-07-23.lif - CTL 27-4 b
112,201.42776741017184,0.4334887390462809,131.0,0.0,0,178.8622702720405,CTL,Inmuno 26-07-23.lif - CTL 27-4 b
113,139.58337397290245,0.0,0.0,0.0,0,103.91688383248372,CTL,Inmuno 26-07-23.lif - CTL 27-4 b
118,116.75296704979831,0.2889924926975206,100.0,0.0,0,112.34583153616101,CTL,Inmuno 26-07-23.lif - CTL 27-4 b
122,401.6995648495536,2.7454286806264454,121.47368421052632,3.0346289803058433,4,413.4037608038042,CTL,Inmuno 26-07-23.lif - CTL 27-4 b
126,195.93691004891895,0.4334887390462809,107.33333333333333,0.0,0,181.17421021362094,CTL,Inmuno 26-07-23.lif - CTL 27-4 b
137,227.29259550659995,41.90391144114049,160.0448275862069,14.43395150667127,9,215.54023413690138,CTL,Inmuno 26-07-23.lif - CTL 27-4 b
141,92.47759766320658,0.0,0.0,0.0,0,85.92710116206317,CTL,Inmuno 26-07-23.lif - CTL 27-4 b
146,230.76050541897018,16.617068330107433,144.7391304347826,7.288879048151244,7,212.6743919176503,CTL,Inmuno 26-07-23.lif - CTL 27-4 b
148,284.07962032166273,8.814271027274378,127.9672131147541,6.0649320106088735,7,274.8800259707923,CTL,Inmuno 26-07-23.lif - CTL 27-4 b
149,242.46470137321978,29.4772342551471,178.88725490196077,21.07583414204717,14,239.18945312264864,CTL,Inmuno 26-07-23.lif - CTL 27-4 b
150,290.4374551610082,0.0,0.0,0.0,0,279.62431939257607,CTL,Inmuno 26-07-23.lif - CTL 27-4 b
152,205.32916606158838,0.0,0.0,0.0,0,193.2155640760173,CTL,Inmuno 26-07-23.lif - CTL 27-4 b
153,230.90500166531893,0.4334887390462809,130.0,0.0,0,205.16058710751432,CTL,Inmuno 26-07-23.lif - CTL 27-4 b
156,270.93046190392556,42.48189642653553,152.14285714285714,24.359794201848302,17,241.91079909554884,CTL,Inmuno 26-07-23.lif - CTL 27-4 b
157,281.91217662643135,0.0,0.0,0.0,0,265.0542812190755,CTL,Inmuno 26-07-23.lif - CTL 27-4 b
158,233.07244536055035,34.24561038465619,169.39240506329114,0.7575757575757576,2,218.43015906387566,CTL,Inmuno 26-07-23.lif - CTL 27-4 b
160,234.3729115776892,34.39010663100495,175.68067226890756,7.736982602416865,9,215.70881309097425,CTL,Inmuno 26-07-23.lif - CTL 27-4 b
162,99.12442499524956,0.0,0.0,0.0,0,82.86859728101416,CTL,Inmuno 26-07-23.lif - CTL 27-4 b
166,225.70313679676357,0.8669774780925618,114.83333333333333,0.3787878787878788,1,208.09867744993994,CTL,Inmuno 26-07-23.lif - CTL 27-4 b
167,206.3406397860297,5.20186486855537,132.44444444444446,2.6515151515151514,6,193.5045565687141,CTL,Inmuno 26-07-23.lif - CTL 27-4 b
171,104.03729737110741,10.981714722505782,151.05263157894737,2.522232553703835,3,95.29527446700772,CTL,Inmuno 26-07-23.lif - CTL 27-4 b
175,222.09073063804456,26.587309328171894,144.8423913043478,5.713760610666154,6,201.21102304064885,CTL,Inmuno 26-07-23.lif - CTL 27-4 b
178,254.0244010811206,3.467909912370247,139.70833333333334,4.327891693325955,5,229.14696400140895,CTL,Inmuno 26-07-23.lif - CTL 27-4 b
185,232.4944603751553,12.137684693295865,158.3095238095238,6.692789643063408,6,204.8715946148173,CTL,Inmuno 26-07-23.lif - CTL 27-4 b
186,230.3270166799239,6.502331085694213,135.46666666666667,3.5703159357501972,5,202.9449779968344,CTL,Inmuno 26-07-23.lif - CTL 27-4 b
187,266.1620857744165,0.7224812317438014,110.4,0.3787878787878788,1,255.71019062185746,CTL,Inmuno 26-07-23.lif - CTL 27-4 b
188,126.57871180151402,0.0,0.0,0.0,0,161.59496883336325,CTL,Inmuno 26-07-23.lif - CTL 27-4 b
192,225.9921292894611,1.011473724441322,120.14285714285714,0.0,0,210.72369259194065,CTL,Inmuno 26-07-23.lif - CTL 27-4 b
197,164.58122459123797,1.3004662171388426,121.88888888888889,1.00708103855232,1,198.46559436002235,CTL,Inmuno 26-07-23.lif - CTL 27-4 b
198,238.12981398275696,21.818933198662805,167.95364238410596,10.114858402162755,5,219.73062528101477,CTL,Inmuno 26-07-23.lif - CTL 27-4 b
199,212.26498588632887,0.1444962463487603,104.0,0.0,0,190.32563914904276,CTL,Inmuno 26-07-23.lif - CTL 27-4 b
200,91.46612393876526,0.1444962463487603,99.0,0.0,0,73.2114314833717,CTL,Inmuno 26-07-23.lif - CTL 27-4 b
205,233.36143785324788,0.1444962463487603,134.0,0.0,0,267.89604073060053,CTL,Inmuno 26-07-23.lif - CTL 27-4 b
208,255.4693635446082,0.1444962463487603,99.0,0.0,0,234.4933251163128,CTL,Inmuno 26-07-23.lif - CTL 27-4 b
214,100.71388370508592,1.7339549561851235,118.41666666666667,0.3787878787878788,1,100.32856038148928,CTL,Inmuno 26-07-23.lif - CTL 27-4 b
216,216.8888657694892,11.993188446947105,148.9879518072289,2.272727272727273,5,184.2327140946698,CTL,Inmuno 26-07-23.lif - CTL 27-4 b
219,250.55649116875034,0.0,0.0,0.0,0,210.65144446876786,CTL,Inmuno 26-07-23.lif - CTL 27-4 b
220,137.84941901671732,0.0,0.0,0.0,0,129.39638860531508,CTL,Inmuno 26-07-23.lif - CTL 27-4 b
221,195.50342130987266,0.1444962463487603,117.0,0.0,0,166.96541265599214,CTL,Inmuno 26-07-23.lif - CTL 27-4 b
222,223.53569310153216,0.4334887390462809,130.0,0.3787878787878788,1,207.11128643322314,CTL,Inmuno 26-07-23.lif - CTL 27-4 b
223,177.73038300897517,0.4334887390462809,113.66666666666667,0.0,0,147.5065848143595,CTL,Inmuno 26-07-23.lif - CTL 27-4 b
224,144.64074259510906,24.41986563294049,153.3846153846154,6.226157037268162,5,122.72547856554709,CTL,Inmuno 26-07-23.lif - CTL 27-4 b
229,78.6059580137256,1.011473724441322,125.57142857142857,0.0,0,73.04285252929817,CTL,Inmuno 26-07-23.lif - CTL 27-4 b
230,160.1018409544264,6.502331085694213,148.6,3.0303030303030303,5,131.97323833186798,CTL,Inmuno 26-07-23.lif - CTL 27-4 b
240,152.15454740524459,27.309790559915694,161.989417989418,13.606945436600956,12,128.28858404997303,CTL,Inmuno 26-07-23.lif - CTL 27-4 b
242,167.61564576456195,0.0,0.0,0.0,0,143.94234407109042,CTL,Inmuno 26-07-23.lif - CTL 27-4 b
254,89.73216898258015,1.011473724441322,112.28571428571429,0.3787878787878788,1,69.14145387788193,CTL,Inmuno 26-07-23.lif - CTL 27-4 b
13,89.73216898258015,1.3004662171388426,123.88888888888889,1.5151515151515151,2,59.84552869611164,CTL,Inmuno 26-07-23.lif - CTL 27-4 c
43,301.13017739081647,0.1444962463487603,108.0,0.0,0,281.4786878873852,CTL,Inmuno 26-07-23.lif - CTL 27-4 c
51,89.1541839971851,0.2889924926975206,128.0,0.3787878787878788,1,70.53825092591983,CTL,Inmuno 26-07-23.lif - CTL 27-4 c
52,319.77019316980653,23.98637689389421,174.22289156626505,8.808356513305572,10,320.3722608629263,CTL,Inmuno 26-07-23.lif - CTL 27-4 c
62,169.63859321344458,4.91287237585785,157.2058823529412,3.1915280569623183,2,151.23940451170247,CTL,Inmuno 26-07-23.lif - CTL 27-4 c
65,150.709584941757,0.5779849853950412,129.5,0.0,0,168.45854053492945,CTL,Inmuno 26-07-23.lif - CTL 27-4 c
69,78.02797302833056,0.0,0.0,0.0,0,53.800769057188454,CTL,Inmuno 26-07-23.lif - CTL 27-4 c
71,375.8347367531255,51.72965619285618,173.19832402234636,20.734452769281095,9,414.24665557417126,CTL,Inmuno 26-07-23.lif - CTL 27-4 c
72,156.34493854935863,0.5779849853950412,170.5,0.7575757575757576,2,140.13727625057285,CTL,Inmuno 26-07-23.lif - CTL 27-4 c
81,168.62711948900326,6.213338592996693,144.93023255813952,7.293466323982689,6,173.5881572803104,CTL,Inmuno 26-07-23.lif - CTL 27-4 c
84,220.21227943551068,19.79598574978016,152.36496350364965,13.459395113088643,11,226.32928719760807,CTL,Inmuno 26-07-23.lif - CTL 27-4 c
85,111.6955984275917,6.357834839345453,147.54545454545453,4.360095448002559,2,105.12101921872322,CTL,Inmuno 26-07-23.lif - CTL 27-4 c
86,373.8117893042429,9.247759766320659,141.046875,2.0508384705958695,2,400.06194072426734,CTL,Inmuno 26-07-23.lif - CTL 27-4 c
87,191.89101515115368,2.022947448882644,156.14285714285714,2.2770532227300855,1,162.48602901918068,CTL,Inmuno 26-07-23.lif - CTL 27-4 c
93,322.08213311138667,3.0344211733239663,188.61904761904762,0.3787878787878788,1,337.18199085483167,CTL,Inmuno 26-07-23.lif - CTL 27-4 c
97,78.17246927467932,1.1559699707900823,120.625,0.0,0,74.51189770051053,CTL,Inmuno 26-07-23.lif - CTL 27-4 c
101,311.38941088157844,4.334887390462809,154.26666666666668,2.4296263493837484,2,301.87674133028537,CTL,Inmuno 26-07-23.lif - CTL 27-4 c
104,223.68018934788094,0.0,0.0,0.0,0,236.25136278022373,CTL,Inmuno 26-07-23.lif - CTL 27-4 c
110,269.6299956867867,28.899249269752058,157.935,8.77583186833588,11,278.32385317543736,CTL,Inmuno 26-07-23.lif - CTL 27-4 c
113,124.4112681062826,1.7339549561851235,128.91666666666666,0.3787878787878788,1,116.68071892662434,CTL,Inmuno 26-07-23.lif - CTL 27-4 c
114,91.3216276924165,0.0,0.0,0.0,0,107.69786894527614,CTL,Inmuno 26-07-23.lif - CTL 27-4 c
137,107.93869602252394,1.011473724441322,119.57142857142857,0.0,0,90.14157501390154,CTL,Inmuno 26-07-23.lif - CTL 27-4 c
148,181.34278916769418,3.6124061587190073,157.56,3.949103814538076,2,153.11785571423636,CTL,Inmuno 26-07-23.lif - CTL 27-4 c
150,141.31732892908758,0.2889924926975206,138.0,0.0,0,119.04082428365349,CTL,Inmuno 26-07-23.lif - CTL 27-4 c
158,231.19399415801647,0.0,0.0,0.0,0,221.51274565264947,CTL,Inmuno 26-07-23.lif - CTL 27-4 c
160,276.5658155115272,15.31660211296859,140.73584905660377,8.365275762181305,10,282.92365035087363,CTL,Inmuno 26-07-23.lif - CTL 27-4 c
180,279.60023668485115,4.190391144114049,149.41379310344828,0.7575757575757576,2,274.85594326306637,CTL,Inmuno 26-07-23.lif - CTL 27-4 c
186,258.7927772106297,1.011473724441322,167.42857142857142,1.8982653439422066,1,244.19865632940537,CTL,Inmuno 26-07-23.lif - CTL 27-4 c
188,305.7540572739768,0.2889924926975206,119.0,0.3787878787878788,1,297.1806133239511,CTL,Inmuno 26-07-23.lif - CTL 27-4 c
191,233.36143785324788,0.0,0.0,0.0,0,218.86364780292206,CTL,Inmuno 26-07-23.lif - CTL 27-4 c
198,170.3610744451884,0.1444962463487603,112.0,0.0,0,193.11923324511798,CTL,Inmuno 26-07-23.lif - CTL 27-4 c
202,239.71927269259334,3.467909912370247,177.125,0.3787878787878788,1,213.78219647299116,CTL,Inmuno 26-07-23.lif - CTL 27-4 c
205,229.17104670913383,32.511655428471066,187.93333333333334,5.616828456343255,6,212.8670535794469,CTL,Inmuno 26-07-23.lif - CTL 27-4 c
208,121.08785444026113,12.137684693295865,182.5,3.1872021069595053,5,191.77060161252987,CTL,Inmuno 26-07-23.lif - CTL 27-4 c
209,324.39407305296686,26.298316835474374,170.51098901098902,8.651457436649096,10,391.1754215738198,CTL,Inmuno 26-07-23.lif - CTL 27-4 c
216,292.7493951025884,3.0344211733239663,118.61904761904762,1.5151515151515151,4,304.140515856415,CTL,Inmuno 26-07-23.lif - CTL 27-4 c
217,184.37721034101813,3.467909912370247,125.91666666666667,1.1363636363636362,3,200.29588014710555,CTL,Inmuno 26-07-23.lif - CTL 27-4 c
227,85.1082890994198,1.4449624634876028,172.5,0.0,0,85.51769513074164,CTL,Inmuno 26-07-23.lif - CTL 27-4 c
235,324.8275617920131,0.2889924926975206,114.5,0.0,0,302.0934856998079,CTL,Inmuno 26-07-23.lif - CTL 27-4 c
238,193.62497010733878,13.293654664085947,183.1195652173913,0.7575757575757576,2,184.66620283371614,CTL,Inmuno 26-07-23.lif - CTL 27-4 c
240,93.05558264860163,0.0,0.0,0.0,0,95.6805977906043,CTL,Inmuno 26-07-23.lif - CTL 27-4 c
247,281.91217662643135,42.048407687489245,177.31958762886597,3.409090909090909,5,257.6849726552895,CTL,Inmuno 26-07-23.lif - CTL 27-4 c
248,416.2936857307784,29.18824176244958,156.9009900990099,21.458251117699323,17,382.57789491606735,CTL,Inmuno 26-07-23.lif - CTL 27-4 c
249,306.47653850572055,23.263895662150407,177.6832298136646,8.599968212839872,7,305.8263053971512,CTL,Inmuno 26-07-23.lif - CTL 27-4 c
250,216.1663845377454,8.958767273623138,148.09677419354838,0.3787878787878788,1,226.08846012036045,CTL,Inmuno 26-07-23.lif - CTL 27-4 c
256,87.42022904099997,0.0,0.0,0.0,0,75.69195037902523,CTL,Inmuno 26-07-23.lif - CTL 27-4 c
268,326.8505092408958,77.73898053563303,200.27509293680296,13.551827115927455,9,312.1600575287711,CTL,Inmuno 26-07-23.lif - CTL 27-4 c
275,301.13017739081647,14.88311337392231,165.98058252427185,10.360037733136505,8,273.0497401837068,CTL,Inmuno 26-07-23.lif - CTL 27-4 c
276,314.8573207939487,5.490857361252891,160.81578947368422,2.5911127018716686,3,296.21730501495944,CTL,Inmuno 26-07-23.lif - CTL 27-4 c
279,272.51992061376194,4.045894897765288,126.03571428571429,3.187202106959506,4,290.4374551610082,CTL,Inmuno 26-07-23.lif - CTL 27-4 c
283,347.36897622241975,2.022947448882644,131.07142857142858,0.3787878787878788,1,312.64171168326817,CTL,Inmuno 26-07-23.lif - CTL 27-4 c
291,202.87272987365944,0.0,0.0,0.0,0,173.51590915713626,CTL,Inmuno 26-07-23.lif - CTL 27-4 c
295,191.31303016575862,0.5779849853950412,116.75,0.0,0,182.8840824620802,CTL,Inmuno 26-07-23.lif - CTL 27-4 c
308,210.386534683795,3.467909912370247,158.20833333333334,2.0508384705958695,3,178.0675409171224,CTL,Inmuno 26-07-23.lif - CTL 27-4 c
309,348.9584349322561,7.2248123174380146,143.98,4.258576017848214,3,322.78053163540665,CTL,Inmuno 26-07-23.lif - CTL 27-4 c
310,242.320205126871,11.126210968854542,142.24675324675326,4.573071024299705,6,217.44276804715955,CTL,Inmuno 26-07-23.lif - CTL 27-4 c
311,176.71890928453385,17.050557069153715,163.74576271186442,9.774435208363851,7,144.66482530283463,CTL,Inmuno 26-07-23.lif - CTL 27-4 c
313,275.1208530480396,0.0,0.0,0.0,0,235.91420487207608,CTL,Inmuno 26-07-23.lif - CTL 27-4 c
314,258.6482809642809,39.15848276051404,163.87084870848707,14.692516702293904,13,222.76504645433826,CTL,Inmuno 26-07-23.lif - CTL 27-4 c
315,223.3911968551834,3.7569024050677675,132.65384615384616,1.7646567961280777,3,304.06826773324156,CTL,Inmuno 26-07-23.lif - CTL 27-4 c
329,156.92292353475366,17.195053315502474,155.78991596638656,6.000203610962577,9,191.14445121168544,CTL,Inmuno 26-07-23.lif - CTL 27-4 c
330,168.33812699630573,0.5779849853950412,113.0,1.00708103855232,1,137.58450923174402,CTL,Inmuno 26-07-23.lif - CTL 27-4 c
335,135.53747907513716,0.0,0.0,0.0,0,107.84236519162494,CTL,Inmuno 26-07-23.lif - CTL 27-4 c
336,105.62675608094378,3.323413666021487,147.2173913043478,0.3787878787878788,1,92.1886051705089,CTL,Inmuno 26-07-23.lif - CTL 27-4 c
345,146.3746975512942,0.0,0.0,0.0,0,111.9845909202891,CTL,Inmuno 26-07-23.lif - CTL 27-4 c
353,148.1086525074793,32.511655428471066,173.90222222222224,12.650155930222384,7,119.57064385359806,CTL,Inmuno 26-07-23.lif - CTL 27-4 c
355,133.94802036530078,12.571173432342146,136.8505747126437,6.152515411787609,7,100.54530475101241,CTL,Inmuno 26-07-23.lif - CTL 27-4 c
358,142.18430640718012,6.502331085694213,160.8,4.702353622111022,2,105.45817712687038,CTL,Inmuno 26-07-23.lif - CTL 27-4 c
366,98.83543250255204,11.415203461552062,172.41772151898735,2.5911127018716686,3,72.36853671300368,CTL,Inmuno 26-07-23.lif - CTL 27-4 c
382,80.77340170895701,0.8669774780925618,117.0,0.0,0,61.1219122055256,CTL,Inmuno 26-07-23.lif - CTL 27-4 c
3,237.55182899736192,1.1559699707900823,96.375,0.0,0,226.0402947049107,hip,Inmuno 26-07-23.lif - hip 21-9 b
12,87.13123654830245,0.1444962463487603,84.0,0.0,0,72.32037129755454,hip,Inmuno 26-07-23.lif - hip 21-9 b
25,396.93118872004453,0.0,0.0,0.0,0,402.06080546542637,hip,Inmuno 26-07-23.lif - hip 21-9 b
33,180.76480418229912,0.0,0.0,0.0,0,167.44706681048842,hip,Inmuno 26-07-23.lif - hip 21-9 b
50,123.6887868745388,4.479383636811569,116.7741935483871,0.0,0,134.69458430476948,hip,Inmuno 26-07-23.lif - hip 21-9 b
52,627.8361903853635,22.252421937709084,120.57142857142857,4.822576305276266,6,691.0773808706698,hip,Inmuno 26-07-23.lif - hip 21-9 b
64,275.8433342797834,0.8669774780925618,102.0,0.0,0,263.87422854056194,hip,Inmuno 26-07-23.lif - hip 21-9 b
66,172.38402189407103,0.8669774780925618,121.0,0.3787878787878788,1,176.2613378377635,hip,Inmuno 26-07-23.lif - hip 21-9 b
87,241.88671638782472,21.818933198662805,128.90728476821192,1.5151515151515151,4,228.13549027696763,hip,Inmuno 26-07-23.lif - hip 21-9 b
97,219.20080571106936,0.0,0.0,0.0,0,213.08379794897078,hip,Inmuno 26-07-23.lif - hip 21-9 b
155,383.05954907056355,0.2889924926975206,96.5,1.00708103855232,1,376.02739841492394,hip,Inmuno 26-07-23.lif - hip 21-9 b
202,373.66729305789414,0.0,0.0,0.0,0,373.95628555059255,hip,Inmuno 26-07-23.lif - hip 21-9 b
228,275.40984554073714,4.334887390462809,105.93333333333334,0.7575757575757576,1,299.56480138870376,hip,Inmuno 26-07-23.lif - hip 21-9 b
230,264.2836345718826,2.600932434277685,124.88888888888889,2.01416207710464,2,245.47503983881973,hip,Inmuno 26-07-23.lif - hip 21-9 b
246,231.91647538976028,11.993188446947105,113.7710843373494,2.143444674915956,2,219.51388091149067,hip,Inmuno 26-07-23.lif - hip 21-9 b
260,274.5428680626446,0.0,0.0,0.0,0,248.14822039627066,hip,Inmuno 26-07-23.lif - hip 21-9 b
292,185.38868406545944,0.0,0.0,0.0,0,161.23372821749095,hip,Inmuno 26-07-23.lif - hip 21-9 b
304,139.43887772655367,1.7339549561851235,111.25,0.3787878787878788,1,124.96517038395328,hip,Inmuno 26-07-23.lif - hip 21-9 b
363,82.07386792609584,0.8669774780925618,101.0,0.7575757575757576,1,59.701032449762806,hip,Inmuno 26-07-23.lif - hip 21-9 b
34,652.834041003699,23.841880647545448,116.88484848484849,5.556426006699771,2,761.471135550242,hip,Inmuno 26-07-23.lif - hip 21-9 c
38,115.741493325357,0.0,0.0,0.0,0,97.17372566954137,hip,Inmuno 26-07-23.lif - hip 21-9 c
39,102.30334241492228,0.0,0.0,0.0,0,76.60709327256777,hip,Inmuno 26-07-23.lif - hip 21-9 c
63,139.14988523385617,1.011473724441322,77.57142857142857,0.3787878787878788,1,137.39184756994635,hip,Inmuno 26-07-23.lif - hip 21-9 c
65,332.77485534119495,1.8784512025338838,81.46153846153847,1.5151515151515151,2,300.35953074362305,hip,Inmuno 26-07-23.lif - hip 21-9 c
78,84.09681537497849,0.0,0.0,0.0,0,65.1678071032909,hip,Inmuno 26-07-23.lif - hip 21-9 c
92,132.21406540911568,1.8784512025338838,89.53846153846153,0.0,0,135.2725692901642,hip,Inmuno 26-07-23.lif - hip 21-9 c
135,90.5991464606727,0.8669774780925618,106.0,2.01416207710464,1,88.98560504311088,hip,Inmuno 26-07-23.lif - hip 21-9 c
156,119.20940323772724,0.0,0.0,0.0,0,172.31177377089688,hip,Inmuno 26-07-23.lif - hip 21-9 c
160,334.94229903642633,20.22947448882644,97.77142857142857,7.136305921497582,4,308.6439822009518,hip,Inmuno 26-07-23.lif - hip 21-9 c
162,421.7845430920313,0.0,0.0,0.0,0,437.70321289812,hip,Inmuno 26-07-23.lif - hip 21-9 c
192,299.39622243463134,16.617068330107433,102.6086956521739,2.9053463824945265,2,270.8341310730272,hip,Inmuno 26-07-23.lif - hip 21-9 c
196,94.645041358438,0.2889924926975206,79.0,1.00708103855232,1,81.13464232482893,hip,Inmuno 26-07-23.lif - hip 21-9 c
212,173.10650312581484,0.8669774780925618,85.83333333333333,0.0,0,142.5214643153273,hip,Inmuno 26-07-23.lif - hip 21-9 c
18,333.35284032659,0.0,0.0,0.0,0,338.1934645792733,hip,Inmuno 26-07-23.lif - hip 21-9a
22,195.64791755622144,0.0,0.0,0.0,0,203.3303013204306,hip,Inmuno 26-07-23.lif - hip 21-9a
57,293.90536507337845,1.011473724441322,108.28571428571429,0.0,0,324.4422384684161,hip,Inmuno 26-07-23.lif - hip 21-9a
84,327.8619829653371,3.1789174196727266,110.5909090909091,1.00708103855232,1,327.9101483807865,hip,Inmuno 26-07-23.lif - hip 21-9a
85,377.4241954629619,21.674436952314043,118.04666666666667,9.537907777395725,8,365.1179318155924,hip,Inmuno 26-07-23.lif - hip 21-9a
93,203.59521110540325,11.559699707900823,105.575,8.023017588072841,9,205.4254968924878,hip,Inmuno 26-07-23.lif - hip 21-9a
101,109.67265097870906,0.0,0.0,0.0,0,98.66685354847834,hip,Inmuno 26-07-23.lif - hip 21-9a
143,112.4180796593355,0.0,0.0,0.0,0,94.11522178849334,hip,Inmuno 26-07-23.lif - hip 21-9a
148,241.45322764877844,0.0,0.0,0.0,0,252.60352132535743,hip,Inmuno 26-07-23.lif - hip 21-9a
150,282.3456653654776,0.0,0.0,0.0,0,261.3696269371834,hip,Inmuno 26-07-23.lif - hip 21-9a
155,96.37899631462311,0.0,0.0,0.0,0,124.7243433067043,hip,Inmuno 26-07-23.lif - hip 21-9a
173,108.22768851522146,0.0,0.0,0.0,0,134.2370128579996,hip,Inmuno 26-07-23.lif - hip 21-9a
175,171.66154066232724,0.0,0.0,0.0,0,156.1281941798353,hip,Inmuno 26-07-23.lif - hip 21-9a
211,247.8110624881239,1.7339549561851235,117.91666666666667,0.0,0,294.9650042132699,hip,Inmuno 26-07-23.lif - hip 21-9a
221,180.76480418229912,0.0,0.0,0.0,0,183.00449600070445,hip,Inmuno 26-07-23.lif - hip 21-9a
222,190.73504518036358,0.0,0.0,0.0,0,166.21884871652423,hip,Inmuno 26-07-23.lif - hip 21-9a
229,211.8314971472826,9.97024099806446,121.7536231884058,8.064019931566886,5,185.77400738905612,hip,Inmuno 26-07-23.lif - hip 21-9a
235,109.23916223966278,0.0,0.0,0.0,0,115.57291437128298,hip,Inmuno 26-07-23.lif - hip 21-9a
238,139.14988523385617,0.0,0.0,0.0,0,154.92405879359595,hip,Inmuno 26-07-23.lif - hip 21-9a
255,165.88169080837682,0.1444962463487603,94.0,0.0,0,141.00425372866525,hip,Inmuno 26-07-23.lif - hip 21-9a
284,79.61743173816693,0.8669774780925618,91.83333333333333,1.1363636363636362,2,61.45907011367266,hip,Inmuno 26-07-23.lif - hip 21-9a
251,109.23916223966278,0.0,0.0,0.0,0,88.69661255041333,hip,Inmuno 26-07-23.lif - hip 27-7 b
2,262.54967961569747,0.1444962463487603,92.0,0.0,0,262.5737623234222,hip,Inmuno 26-07-23.lif - hip 4-8 a
33,211.10901591553878,0.0,0.0,0.0,0,200.00688765440975,hip,Inmuno 26-07-23.lif - hip 4-8 a
41,125.27824558437517,1.3004662171388426,105.0,0.0,0,106.08432752771459,hip,Inmuno 26-07-23.lif - hip 4-8 a
67,78.75045426007436,0.0,0.0,0.0,0,58.85813767939525,hip,Inmuno 26-07-23.lif - hip 4-8 a
88,127.87917801865287,0.0,0.0,0.0,0,121.4972604715826,hip,Inmuno 26-07-23.lif - hip 4-8 a
97,111.40660593489419,0.0,0.0,0.0,0,92.57392849410569,hip,Inmuno 26-07-23.lif - hip 4-8 a
103,247.66656624177514,1.3004662171388426,106.44444444444444,0.3787878787878788,1,226.95543759845256,hip,Inmuno 26-07-23.lif - hip 4-8 a
107,173.39549561851234,0.0,0.0,0.0,0,157.74173559739666,hip,Inmuno 26-07-23.lif - hip 4-8 a
111,330.318419153266,0.4334887390462809,87.66666666666667,0.0,0,339.78292328911004,hip,Inmuno 26-07-23.lif - hip 4-8 a
112,241.59772389512722,2.600932434277685,100.88888888888889,0.3787878787878788,1,234.05983637726726,hip,Inmuno 26-07-23.lif - hip 4-8 a
117,200.70528617842805,0.0,0.0,0.0,0,185.7258419736065,hip,Inmuno 26-07-23.lif - hip 4-8 a
126,238.12981398275696,0.0,0.0,0.0,0,285.9099061087472,hip,Inmuno 26-07-23.lif - hip 4-8 a
133,136.40445655322972,0.7224812317438014,96.8,0.0,0,117.33095203519328,hip,Inmuno 26-07-23.lif - hip 4-8 a
134,122.53281690374872,0.0,0.0,0.0,0,89.78033439803002,hip,Inmuno 26-07-23.lif - hip 4-8 a
138,330.60741164596357,0.0,0.0,0.0,0,311.4375762970283,hip,Inmuno 26-07-23.lif - hip 4-8 a
139,324.10508056026936,0.0,0.0,0.0,0,318.3733961217688,hip,Inmuno 26-07-23.lif - hip 4-8 a
140,283.6461315826165,0.0,0.0,0.0,0,271.36395064297244,hip,Inmuno 26-07-23.lif - hip 4-8 a
148,248.5335437198677,0.0,0.0,0.0,0,237.3350846278387,hip,Inmuno 26-07-23.lif - hip 4-8 a
149,106.6382298053851,5.490857361252891,129.89473684210526,1.00708103855232,1,90.21382313707564,hip,Inmuno 26-07-23.lif - hip 4-8 a
153,156.05594605666113,0.0,0.0,0.0,0,148.80705103149768,hip,Inmuno 26-07-23.lif - hip 4-8 a
156,140.01686271194873,2.7454286806264454,92.42105263157895,0.3787878787878788,1,125.06150121485246,hip,Inmuno 26-07-23.lif - hip 4-8 a
179,236.10686653387432,1.8784512025338838,89.53846153846153,2.3929499558925187,3,224.18592621010202,hip,Inmuno 26-07-23.lif - hip 4-8 a
181,75.28254434770412,0.0,0.0,0.0,0,85.68627408481522,hip,Inmuno 26-07-23.lif - hip 4-8 a
190,233.21694160689913,0.5779849853950412,92.25,0.0,0,237.2869192123884,hip,Inmuno 26-07-23.lif - hip 4-8 a
215,280.03372542389747,6.791323578391734,100.55319148936171,0.3787878787878788,1,266.0898376512427,hip,Inmuno 26-07-23.lif - hip 4-8 a
216,206.19614353968095,0.0,0.0,0.0,0,214.86591832060574,hip,Inmuno 26-07-23.lif - hip 4-8 a
220,242.89819011226606,0.0,0.0,0.0,0,244.46356611437744,hip,Inmuno 26-07-23.lif - hip 4-8 a
223,417.73864819426603,9.97024099806446,126.72463768115942,3.565989985747385,3,482.61746280486005,hip,Inmuno 26-07-23.lif - hip 4-8 a
249,179.60883421150905,0.0,0.0,0.0,0,154.32199110047603,hip,Inmuno 26-07-23.lif - hip 4-8 a
250,219.34530195741812,1.5894587098363633,103.54545454545455,1.6720505918079906,1,195.64791755622196,hip,Inmuno 26-07-23.lif - hip 4-8 a
253,255.75835603730573,0.0,0.0,0.0,0,262.01986004575207,hip,Inmuno 26-07-23.lif - hip 4-8 a
275,212.5539783790264,0.1444962463487603,120.0,0.0,0,192.6857445060718,hip,Inmuno 26-07-23.lif - hip 4-8 a
283,309.6554559253933,0.0,0.0,0.0,0,281.18969539468776,hip,Inmuno 26-07-23.lif - hip 4-8 a
286,210.96451966919003,6.213338592996693,118.69767441860465,1.893939393939394,2,196.6834739883874,hip,Inmuno 26-07-23.lif - hip 4-8 a
293,114.58552335456692,0.0,0.0,0.0,0,104.2540417406302,hip,Inmuno 26-07-23.lif - hip 4-8 a
300,185.67767655815697,5.346361114904131,116.64864864864865,0.0,0,153.3346000837595,hip,Inmuno 26-07-23.lif - hip 4-8 a
305,167.18215702551566,4.190391144114049,127.89655172413794,0.7575757575757576,2,144.30358468696238,hip,Inmuno 26-07-23.lif - hip 4-8 a
308,162.84726963505284,0.8669774780925618,91.66666666666667,0.3787878787878788,1,137.2473513235972,hip,Inmuno 26-07-23.lif - hip 4-8 a
319,140.45035145099502,10.548225983459501,107.47945205479452,6.0692579606116865,5,118.75183179095639,hip,Inmuno 26-07-23.lif - hip 4-8 a
328,142.3288026535289,0.0,0.0,0.0,0,129.10739611261766,hip,Inmuno 26-07-23.lif - hip 4-8 a
341,82.07386792609584,1.4449624634876028,100.4,0.3787878787878788,1,62.61504008446302,hip,Inmuno 26-07-23.lif - hip 4-8 a
345,105.33776358824625,0.1444962463487603,89.0,0.0,0,82.77226645011478,hip,Inmuno 26-07-23.lif - hip 4-8 a
354,82.21836417244461,0.5779849853950412,90.75,0.7575757575757576,2,59.58061891113893,hip,Inmuno 26-07-23.lif - hip 4-8 a
356,85.83077033116362,1.1559699707900823,124.0,0.0,0,63.21710777758265,hip,Inmuno 26-07-23.lif - hip 4-8 a
386,80.91789795530576,0.2889924926975206,89.0,0.0,0,53.34319761041747,hip,Inmuno 26-07-23.lif - hip 4-8 a
23,378.14667669470566,22.685910676755366,137.38216560509554,2.5911127018716686,3,388.42999289319243,hip,Inmuno 26-07-23.lif - hip 4-8 b
35,360.2291421474594,0.0,0.0,0.0,0,348.2118709927867,hip,Inmuno 26-07-23.lif - hip 4-8 b
39,238.99679146084952,1.5894587098363633,97.0909090909091,1.3858689173401988,2,225.2937307654423,hip,Inmuno 26-07-23.lif - hip 4-8 b
125,141.46182517543633,0.2889924926975206,106.0,0.0,0,124.48351622945692,hip,Inmuno 26-07-23.lif - hip 4-8 b
199,246.65509251733383,2.600932434277685,105.16666666666667,0.7575757575757576,2,245.1619646383968,hip,Inmuno 26-07-23.lif - hip 4-8 b
203,77.8834767819818,2.3119399415801647,111.4375,1.5151515151515151,2,66.25152895090656,hip,Inmuno 26-07-23.lif - hip 4-8 b
235,219.20080571106936,0.7224812317438014,123.8,0.0,0,358.66376614534823,hip,Inmuno 26-07-23.lif - hip 4-8 b
267,287.40303398768424,1.7339549561851235,98.75,1.1363636363636362,2,266.7400707598117,hip,Inmuno 26-07-23.lif - hip 4-8 b
327,147.96415626113054,0.1444962463487603,108.0,0.0,0,153.358682791484,hip,Inmuno 26-07-23.lif - hip 4-8 b
344,92.62209390955535,1.3004662171388426,106.77777777777777,1.00708103855232,1,86.72183051698053,hip,Inmuno 26-07-23.lif - hip 4-8 b
4,219.0563094647206,1.3004662171388426,82.11111111111111,0.3787878787878788,1,196.587143157489,hip,Inmuno 26-07-23.lif - hip 4-8 c
5,102.73683115396857,2.456436187928925,102.88235294117646,0.3787878787878788,1,79.85825881541479,hip,Inmuno 26-07-23.lif - hip 4-8 c
6,262.838672108395,6.213338592996693,90.6046511627907,0.7575757575757576,2,228.68939255463806,hip,Inmuno 26-07-23.lif - hip 4-8 c
25,76.72750681119172,0.0,0.0,0.0,0,54.11384425761065,hip,Inmuno 26-07-23.lif - hip 4-8 c
43,392.16281259053545,27.598783052613214,105.282722513089,12.082439421582702,6,364.5158641224725,hip,Inmuno 26-07-23.lif - hip 4-8 c
51,115.0190120936132,0.0,0.0,0.0,0,81.90528897202225,hip,Inmuno 26-07-23.lif - hip 4-8 c
55,186.255661543552,0.0,0.0,0.0,0,163.8346606517691,hip,Inmuno 26-07-23.lif - hip 4-8 c
63,179.31984171881152,17.917534547246277,113.56451612903226,2.1434446749159566,3,153.64767528418182,hip,Inmuno 26-07-23.lif - hip 4-8 c
93,414.8487232672908,0.0,0.0,0.0,0,442.64016798170246,hip,Inmuno 26-07-23.lif - hip 4-8 c
95,385.94947399753875,0.0,0.0,0.0,0,378.8932406341741,hip,Inmuno 26-07-23.lif - hip 4-8 c
108,391.2958351124429,10.40372973711074,128.51388888888889,3.8797881390603353,4,482.35255301988605,hip,Inmuno 26-07-23.lif - hip 4-8 c
128,217.75584324758177,0.0,0.0,0.0,0,203.86012089037615,hip,Inmuno 26-07-23.lif - hip 4-8 c
137,306.62103475206936,0.0,0.0,0.0,0,304.45359105683775,hip,Inmuno 26-07-23.lif - hip 4-8 c
145,238.707798968152,0.0,0.0,0.0,0,228.64122713918786,hip,Inmuno 26-07-23.lif - hip 4-8 c
146,123.83328312088757,0.0,0.0,0.0,0,117.21053849656911,hip,Inmuno 26-07-23.lif - hip 4-8 c
154,296.2173050149586,7.658301056484295,94.45283018867924,1.5151515151515151,3,282.63465785817607,hip,Inmuno 26-07-23.lif - hip 4-8 c
162,282.63465785817516,56.78702481506279,115.8880407124682,11.842664603318326,5,280.4190487474949,hip,Inmuno 26-07-23.lif - hip 4-8 c
163,294.91683879781976,58.2319872785504,122.40942928039702,14.591286110637654,10,287.4271166954087,hip,Inmuno 26-07-23.lif - hip 4-8 c
189,252.29044612493547,4.479383636811569,94.70967741935483,0.3787878787878788,1,272.1827627056141,hip,Inmuno 26-07-23.lif - hip 4-8 c
201,256.769829761747,1.4449624634876028,85.1,0.3787878787878788,1,234.9990619785354,hip,Inmuno 26-07-23.lif - hip 4-8 c
213,229.60453544818012,0.2889924926975206,105.5,0.3787878787878788,1,221.68132460672285,hip,Inmuno 26-07-23.lif - hip 4-8 c
232,104.90427484919998,0.0,0.0,0.0,0,95.80101132922802,hip,Inmuno 26-07-23.lif - hip 4-8 c
233,94.645041358438,0.0,0.0,0.0,0,73.548589391519,hip,Inmuno 26-07-23.lif - hip 4-8 c
250,133.65902787260328,0.0,0.0,0.0,0,117.98118514376274,hip,Inmuno 26-07-23.lif - hip 4-8 c
256,121.23235068660989,0.0,0.0,0.0,0,98.1370339785331,hip,Inmuno 26-07-23.lif - hip 4-8 c
5,263.99464207918504,4.045894897765288,95.28571428571429,0.3787878787878788,1,237.52774628963746,hip,Inmuno 26-07-23.lif - hip 4-8 d
15,108.22768851522146,0.0,0.0,0.0,0,92.16452246278449,hip,Inmuno 26-07-23.lif - hip 4-8 d
72,215.4439033060016,1.7339549561851235,94.66666666666667,0.3787878787878788,1,190.95178954988646,hip,Inmuno 26-07-23.lif - hip 4-8 d
78,125.27824558437517,1.3004662171388426,90.22222222222223,1.00708103855232,1,111.45477135034386,hip,Inmuno 26-07-23.lif - hip 4-8 d
132,174.6959618356512,0.4334887390462809,93.66666666666667,1.00708103855232,1,176.83932282315868,hip,Inmuno 26-07-23.lif - hip 4-8 d
139,243.4761750976611,2.022947448882644,92.07142857142857,0.7575757575757576,2,235.16764093260872,hip,Inmuno 26-07-23.lif - hip 4-8 d
160,248.10005498082143,4.190391144114049,87.82758620689656,1.5151515151515151,2,243.78925029808414,hip,Inmuno 26-07-23.lif - hip 4-8 d
180,599.5149261010065,0.4334887390462809,85.33333333333333,0.0,0,647.5117625965173,hip,Inmuno 26-07-23.lif - hip 4-8 d
198,237.9853177364082,0.1444962463487603,72.0,0.0,0,260.0450780123191,hip,Inmuno 26-07-23.lif - hip 4-8 d
205,306.18754601302305,6.357834839345453,84.36363636363636,3.9081014710440343,7,299.90195929685257,hip,Inmuno 26-07-23.lif - hip 4-8 d
228,454.29619852050234,2.8899249269752056,81.05,2.0508384705958695,3,555.4435709646356,hip,Inmuno 26-07-23.lif - hip 4-8 d
230,598.3589561302164,4.479383636811569,94.61290322580645,0.3787878787878788,1,597.1066553285268,hip,Inmuno 26-07-23.lif - hip 4-8 d
233,335.66478026817015,22.830406923104125,94.09493670886076,17.126322312868652,9,331.16131392363445,hip,Inmuno 26-07-23.lif - hip 4-8 d
246,175.418443067395,0.5779849853950412,78.75,1.00708103855232,1,173.87714977300777,hip,Inmuno 26-07-23.lif - hip 4-8 d
253,316.5912757501338,4.334887390462809,79.76666666666667,3.1872021069595062,3,309.27013260179575,hip,Inmuno 26-07-23.lif - hip 4-8 d
274,103.02582364666608,0.0,0.0,0.0,0,94.40421428119087,hip,Inmuno 26-07-23.lif - hip 4-8 d
283,280.90070290199003,50.42918997571734,152.45845272206304,5.177638127911893,2,284.9706805074808,hip,Inmuno 26-07-23.lif - hip 4-8 d
287,317.16926073552884,1.011473724441322,95.28571428571429,2.2770532227300855,2,328.12689275031005,hip,Inmuno 26-07-23.lif - hip 4-8 d
301,139.00538898750742,5.924346100299172,104.7560975609756,1.893939393939394,5,120.34129050079287,hip,Inmuno 26-07-23.lif - hip 4-8 d
341,230.18252043357515,0.5779849853950412,75.25,0.0,0,222.09073063804536,hip,Inmuno 26-07-23.lif - hip 4-8 d
357,409.0688734133404,0.7224812317438014,80.4,0.0,0,366.2257363709336,hip,Inmuno 26-07-23.lif - hip 4-8 d
360,400.83258737146105,1.4449624634876028,83.4,1.6720505918079906,2,394.4265871166661,hip,Inmuno 26-07-23.lif - hip 4-8 d
366,361.67410461094704,3.1789174196727266,81.72727272727273,3.0346289803058433,3,367.068631141301,hip,Inmuno 26-07-23.lif - hip 4-8 d
377,313.7013508231586,8.669774780925618,86.71666666666667,1.5151515151515151,4,311.3412454661288,hip,Inmuno 26-07-23.lif - hip 4-8 d
400,262.11619087665116,7.080316071089254,86.04081632653062,3.344101183615981,3,246.94408501002988,hip,Inmuno 26-07-23.lif - hip 4-8 d
402,186.83364652894707,0.0,0.0,0.0,0,185.3886840654613,hip,Inmuno 26-07-23.lif - hip 4-8 d
409,246.51059627098505,11.704195954249585,95.72839506172839,5.717912359187691,4,217.29827180081068,hip,Inmuno 26-07-23.lif - hip 4-8 d
437,293.90536507337845,6.935819824740494,91.22916666666667,1.5151515151515151,2,257.39598016259197,hip,Inmuno 26-07-23.lif - hip 4-8 d
438,181.1982929213454,0.2889924926975206,71.5,0.0,0,171.92645044729989,hip,Inmuno 26-07-23.lif - hip 4-8 d
451,122.24382441105121,1.4449624634876028,84.3,0.3787878787878788,1,93.99480824986847,hip,Inmuno 26-07-23.lif - hip 4-8 d
464,125.42274183072394,0.7224812317438014,80.2,0.3787878787878788,1,108.5889291310931,hip,Inmuno 26-07-23.lif - hip 4-8 d
465,225.70313679676357,21.096451966919002,97.76712328767124,16.359283165131913,15,242.32020512687117,hip,Inmuno 26-07-23.lif - hip 4-8 d
478,174.11797685025616,0.0,0.0,0.0,0,141.7267349604099,hip,Inmuno 26-07-23.lif - hip 4-8 d
493,155.33346482491731,0.7224812317438014,82.8,0.7575757575757576,1,130.64868940700453,hip,Inmuno 26-07-23.lif - hip 4-8 d
503,197.9598574978016,0.0,0.0,0.0,0,143.1476147161719,hip,Inmuno 26-07-23.lif - hip 4-8 d
504,329.88493041421975,61.41090469822313,120.22117647058823,17.995500905399023,8,263.12766460109236,hip,Inmuno 26-07-23.lif - hip 4-8 d
515,90.88813895337023,0.2889924926975206,81.0,0.0,0,62.92811528488545,hip,Inmuno 26-07-23.lif - hip 4-8 d
